"","videoId","textDisplay","textOriginal","authorDisplayName","authorProfileImageUrl","authorChannelUrl","authorChannelId.value","canRate","viewerRating","likeCount","publishedAt","updatedAt"
"1","2LtA0-qoHOg","Well this is how it all started ladies and gentlemen.","Well this is how it all started ladies and gentlemen.","FluXas","https://yt3.ggpht.com/IrmKjeiAZc8wCXuzZ3oUDmgr1VAEsUwViZeaVKyL5HR5SEIwPxBPeYtfGFLeKcH5fpUSA-rxVw=s48-c-k-c0x00ffffff-no-rj","http://www.youtube.com/channel/UCEtnWwrJlvphTSTcPSE7BOw","UCEtnWwrJlvphTSTcPSE7BOw","TRUE","none","1","2022-04-25T06:47:52Z","2022-04-25T06:47:52Z"
"2","2LtA0-qoHOg","I&#39;m sitting here with Covid-19 watching this...","I'm sitting here with Covid-19 watching this...","Richard Childs","https://yt3.ggpht.com/ytc/AKedOLRm-dM9z_kHlUyJvzyOG7WR_MxNgNlI45aGnMyZwrs=s48-c-k-c0x00ffffff-no-rj","http://www.youtube.com/channel/UCDbrZd4IbJOcGIXS_Zv_1MA","UCDbrZd4IbJOcGIXS_Zv_1MA","TRUE","none","0","2022-04-24T03:41:43Z","2022-04-24T03:41:43Z"
"3","2LtA0-qoHOg","I remember seeing the first reports of this and knowing in my subconscious it was going to be bad. I remember walking through the city thinking that this virus could distrupt everything. I remember telling my mom I feel something bad is coming and I am headed home from the foreign country I was in. Not a week later the first cases were detected near my parents house in Washington state and the whole city shut down…","I remember seeing the first reports of this and knowing in my subconscious it was going to be bad. I remember walking through the city thinking that this virus could distrupt everything. I remember telling my mom I feel something bad is coming and I am headed home from the foreign country I was in. Not a week later the first cases were detected near my parents house in Washington state and the whole city shut down…","FreeSky 542","https://yt3.ggpht.com/ytc/AKedOLQb-1xUYSeXtSL1zunaYmEwtM69_wvwLZzeybQq=s48-c-k-c0x00ffffff-no-rj","http://www.youtube.com/channel/UCXFb3zgawa6UhmaLbdgoY0Q","UCXFb3zgawa6UhmaLbdgoY0Q","TRUE","none","0","2022-04-23T05:13:18Z","2022-04-23T05:13:18Z"
"4","2LtA0-qoHOg","It’s so horrible how many would die, but it’s still so weird knowing how impactful this would be","It’s so horrible how many would die, but it’s still so weird knowing how impactful this would be","Shipmaster","https://yt3.ggpht.com/fV20dGuCMjp24hl1fPBFQhmv97DpkRXPQ6QJgNl4Hm1nC652gkzJ3VT0-rZfvKXyOktPWzz_7Q=s48-c-k-c0x00ffffff-no-rj","http://www.youtube.com/channel/UCgizEYGEUHgJpIu9uMDtt-w","UCgizEYGEUHgJpIu9uMDtt-w","TRUE","none","2","2022-04-21T02:35:43Z","2022-04-21T02:35:43Z"
"5","2LtA0-qoHOg","i remember being one of the first people to watch this video. was not worried. look where we are!!","i remember being one of the first people to watch this video. was not worried. look where we are!!","S","https://yt3.ggpht.com/u5YPPoebC2UIcpvvVYBrNLUO6BTuMONRtn0Vprj7SXbGMNoFmb1lBa5bIm47Xp-MJ4htd4OZVQ=s48-c-k-c0x00ffffff-no-rj","http://www.youtube.com/channel/UCkZbR2C2AkKzfRhGe5CYqXQ","UCkZbR2C2AkKzfRhGe5CYqXQ","TRUE","none","1","2022-04-20T17:36:12Z","2022-04-20T17:36:12Z"
"6","2LtA0-qoHOg","I watched this back in 2020, never thought experiencing it personally 2 times","I watched this back in 2020, never thought experiencing it personally 2 times","bis cuit","https://yt3.ggpht.com/ytc/AKedOLSTBwqPUSSUNCNa0bRG5W4BlqAf0SuC0zcidSyF=s48-c-k-c0x00ffffff-no-rj","http://www.youtube.com/channel/UCLccNqudhATzu1IyF1K6A4g","UCLccNqudhATzu1IyF1K6A4g","TRUE","none","1","2022-04-20T12:37:49Z","2022-04-20T12:37:49Z"
"7","2LtA0-qoHOg","2 years later and these filthy markets that have very loose regulations about how they conduct their business have claimed almost 7million lives due to carelessness.","2 years later and these filthy markets that have very loose regulations about how they conduct their business have claimed almost 7million lives due to carelessness.","Oscar Garcia","https://yt3.ggpht.com/ytc/AKedOLTEVCWg-RFvEq7M-ZoOCxYRSPOrvXD4Cy38oDb-hg=s48-c-k-c0x00ffffff-no-rj","http://www.youtube.com/channel/UCc6rqAFgFBtGONbxfDRIZDA","UCc6rqAFgFBtGONbxfDRIZDA","TRUE","none","2","2022-04-19T04:24:16Z","2022-04-19T04:24:16Z"
"8","2LtA0-qoHOg","COVID had the same character arc as Walt from breaking bad...","COVID had the same character arc as Walt from breaking bad...","Sam Newman","https://yt3.ggpht.com/ytc/AKedOLSVj81aD2J7xs0NOmbsuC08WdSeFgRG8hf5W_ZNRg=s48-c-k-c0x00ffffff-no-rj","http://www.youtube.com/channel/UCkuCRqoR8mZchcH7eUvRgow","UCkuCRqoR8mZchcH7eUvRgow","TRUE","none","0","2022-04-18T22:09:42Z","2022-04-18T22:09:42Z"
"9","2LtA0-qoHOg","I know it will one day engulf the whole world and become a pandemic but will be less severe after 2021.","I know it will one day engulf the whole world and become a pandemic but will be less severe after 2021.","A M","https://yt3.ggpht.com/ytc/AKedOLR1POg16O6SoGZRtltCsSxdNUhtRZvmZH_dcpWesA=s48-c-k-c0x00ffffff-no-rj","http://www.youtube.com/channel/UCUI3RQIvaeIujaH0Zu1EyWg","UCUI3RQIvaeIujaH0Zu1EyWg","TRUE","none","3","2022-04-17T11:08:37Z","2022-04-17T11:08:37Z"
"10","2LtA0-qoHOg","Ah yes. Season 1…","Ah yes. Season 1…","StarrStreams","https://yt3.ggpht.com/bAdcLWzdd0eiBStxuRj0ZO0bTcDS540l3LUlrP-zCrCFsDkTqC-ABlcDV41EhKsbVK0AecZu=s48-c-k-c0x00ffffff-no-rj","http://www.youtube.com/channel/UCarfeN1nWnC81-dqLEbTKEA","UCarfeN1nWnC81-dqLEbTKEA","TRUE","none","4","2022-04-16T07:42:34Z","2022-04-16T07:42:34Z"
"11","2LtA0-qoHOg","China <U+0001F1E8><U+0001F1F3> not the blame <a href=""https://www.youtube.com/watch?v=2LtA0-qoHOg&amp;t=0m14s"">0:14</a> don’t blame it on anyone accept the animal like bats <U+0001F987>","China <U+0001F1E8><U+0001F1F3> not the blame 0:14 don’t blame it on anyone accept the animal like bats <U+0001F987>","Skylar Lemaster","https://yt3.ggpht.com/ytc/AKedOLQ_8mE3XPiqAhsFaf5fmVNonyDuu0hGXjiGTsmA7CGqW7HPcxi6FCrWAJrAlGL9=s48-c-k-c0x00ffffff-no-rj","http://www.youtube.com/channel/UCgqpY6stnvcT44nVZZENqwQ","UCgqpY6stnvcT44nVZZENqwQ","TRUE","none","3","2022-04-16T03:19:51Z","2022-04-16T03:19:51Z"
"12","2LtA0-qoHOg","I&#39;d just graduated high school when this happened. I still can&#39;t believe it","I'd just graduated high school when this happened. I still can't believe it","Chipmunk Park","https://yt3.ggpht.com/ytc/AKedOLSZ3LeM6SMWBmkck8HnVtAF4JjxBjBhBnGEsA=s48-c-k-c0x00ffffff-no-rj","http://www.youtube.com/channel/UCRzNVygpMstmttK5X9fIkBg","UCRzNVygpMstmttK5X9fIkBg","TRUE","none","3","2022-04-15T05:11:46Z","2022-04-15T05:11:46Z"
"13","2LtA0-qoHOg","hehe","hehe","Chipmunk Park","https://yt3.ggpht.com/ytc/AKedOLSZ3LeM6SMWBmkck8HnVtAF4JjxBjBhBnGEsA=s48-c-k-c0x00ffffff-no-rj","http://www.youtube.com/channel/UCRzNVygpMstmttK5X9fIkBg","UCRzNVygpMstmttK5X9fIkBg","TRUE","none","0","2022-04-15T05:10:19Z","2022-04-15T05:10:19Z"
"14","2LtA0-qoHOg","<a href=""https://www.youtube.com/watch?v=2LtA0-qoHOg&amp;t=1m15s"">1:15</a> watching this 2 years later. How wrong we were.","1:15 watching this 2 years later. How wrong we were.","Nonya Business","https://yt3.ggpht.com/ytc/AKedOLTf1jwO73vGhqJ04cYIOnfibpvNRmdS5RMKk9KHSQ=s48-c-k-c0x00ffffff-no-rj","http://www.youtube.com/channel/UCK0OuEDl62eetkawNbwHWug","UCK0OuEDl62eetkawNbwHWug","TRUE","none","3","2022-04-14T16:47:09Z","2022-04-14T16:47:09Z"
"15","2LtA0-qoHOg","I remember watching this video about 2 days after it was released, talking to my friends about it and I told them something huge is going to happen. We talked on it for a long time, how this could turn out, didn&#39;t know it would actually turn into a pandemic","I remember watching this video about 2 days after it was released, talking to my friends about it and I told them something huge is going to happen. We talked on it for a long time, how this could turn out, didn't know it would actually turn into a pandemic","Melon bee","https://yt3.ggpht.com/ytc/AKedOLSsCo-V7r3z4HMq9vbkpDBV0ZpQ7J0jb8WDXsfg=s48-c-k-c0x00ffffff-no-rj","http://www.youtube.com/channel/UCTil4l3tKxuYc3GVl4K_pCQ","UCTil4l3tKxuYc3GVl4K_pCQ","TRUE","none","7","2022-04-14T16:46:02Z","2022-04-14T16:46:02Z"
"16","2LtA0-qoHOg","2 Years Later. I remember hearing about this on December 31, 2019","2 Years Later. I remember hearing about this on December 31, 2019","Joshua Orkin","https://yt3.ggpht.com/ytc/AKedOLRrOlDhKWVqY2Y5_CUg9S4-Zf6_c7IHAGbq8wXOmoThyyYukc7lV4Ia5GqQOfZa=s48-c-k-c0x00ffffff-no-rj","http://www.youtube.com/channel/UC8LIraV1bUhYZ355IiuBPQA","UC8LIraV1bUhYZ355IiuBPQA","TRUE","none","3","2022-04-13T22:30:00Z","2022-04-13T22:30:00Z"
"17","2LtA0-qoHOg","this feels weird","this feels weird","NKS","https://yt3.ggpht.com/ytc/AKedOLQXq48NUFvmdcV6pM7TX0mwgPRlzf8G2y1j11E=s48-c-k-c0x00ffffff-no-rj","http://www.youtube.com/channel/UC0VMSfjbzRIa0lOtsWU4h2Q","UC0VMSfjbzRIa0lOtsWU4h2Q","TRUE","none","2","2022-04-13T07:55:48Z","2022-04-13T07:55:48Z"
"18","2LtA0-qoHOg","just the flu","just the flu","48Hz","https://yt3.ggpht.com/ytc/AKedOLT6gXN66dpc1pcSBGPxFL4CWKWfESvKQiDGn2Jfrg=s48-c-k-c0x00ffffff-no-rj","http://www.youtube.com/channel/UCascTYvfuLDYwtH5iRiOfkQ","UCascTYvfuLDYwtH5iRiOfkQ","TRUE","none","4","2022-04-12T01:47:10Z","2022-04-12T01:47:10Z"
"19","2LtA0-qoHOg","I return to this video more often than I should. It was a video that was recommended to me, probably because I watched a lot of videos about how Philadelphia handled the Yellow Fever Epidemic of 1793 and how the city mishandled the Spanish Flu Pandemic of 1918. When I first watched this video, it inspired me to watch the film &#39;Contagion&#39; again, and of course like most people at that time I could not, would not, believe that this would become the horror that it eventually became. The first months of 2020 are still so fresh in my mind. I remember the larger, cultural things. The wildfires; the winning of the film &#39;Parasite;&#39; Ricky Gervais roasting Hollywood; Kobe Bryant... But, more than that, clearer than things that happened yesterday, I remember the smaller, personal things. I&#39;d just hired a new employee to my team; we were doing amazing at work with our reputation as the A-Team office; I was replaying &#39;Assassin&#39;s Creed Rogue&#39; and had just watched &#39;Last of the Mohicans&#39; for the first time since childhood; my artwork was something I looked forward to doing again; I felt like I was getting myself together, mentally, emotionally, and financially. And then this was posted, and I remember being more curious than alarmed. Even as the weeks passed, I wasn&#39;t as afraid as I guess I should have been. Then Wuhan went into lockdown, and I remember saying to my friend at work that Wuhan is around five times the size of Philadelphia. The videos showing the emptied streets, the shuttered seafood market where this was allegedly born, and so many videos coming out of the city showing people being forced from their apartments, or forced into ambulances, that one doctor screaming at his boss, the nurse crying out in anguish. But it was all still so far away. It was 2020, I said to myself, and surely we&#39;re well beyond the times in which a pandemic could spread like in the documentaries or fictional films I&#39;d watched. The Diamond Princess cruise ship was alarming but I remember feeling so self-righteous and insensitive, like &#39;well, why would you go on a cruise at a time like this.&#39; Then the virus followed a similar but not exact trajectory as the Black Death, traveling through Iran and slamming into Italy. Cases detected within nursing homes in the United States, on the West Coast and then in New York, before a case finally showed itself in Philadelphia. My best friend called me in panic that her state, New Jersey, was shutting down. Philly followed suit. It all still sounds so surreal and fictional, and that I remember it all so well... The only other time I feel a kind of twisted moment-by-moment nostalgia like this is when I remember the morning of September 11, 2001. Watching this video feels like watching videos of New York on September 10th, 2001. None of us can really explain what this feeling is, but most of us feel it, like a sudden fragrance that reminds us of childhood but we can&#39;t detect where it&#39;s from. I&#39;m sorry to have rambled, but I felt compelled to ramble.","I return to this video more often than I should. It was a video that was recommended to me, probably because I watched a lot of videos about how Philadelphia handled the Yellow Fever Epidemic of 1793 and how the city mishandled the Spanish Flu Pandemic of 1918. When I first watched this video, it inspired me to watch the film 'Contagion' again, and of course like most people at that time I could not, would not, believe that this would become the horror that it eventually became. The first months of 2020 are still so fresh in my mind. I remember the larger, cultural things. The wildfires; the winning of the film 'Parasite;' Ricky Gervais roasting Hollywood; Kobe Bryant... But, more than that, clearer than things that happened yesterday, I remember the smaller, personal things. I'd just hired a new employee to my team; we were doing amazing at work with our reputation as the A-Team office; I was replaying 'Assassin's Creed Rogue' and had just watched 'Last of the Mohicans' for the first time since childhood; my artwork was something I looked forward to doing again; I felt like I was getting myself together, mentally, emotionally, and financially. And then this was posted, and I remember being more curious than alarmed. Even as the weeks passed, I wasn't as afraid as I guess I should have been. Then Wuhan went into lockdown, and I remember saying to my friend at work that Wuhan is around five times the size of Philadelphia. The videos showing the emptied streets, the shuttered seafood market where this was allegedly born, and so many videos coming out of the city showing people being forced from their apartments, or forced into ambulances, that one doctor screaming at his boss, the nurse crying out in anguish. But it was all still so far away. It was 2020, I said to myself, and surely we're well beyond the times in which a pandemic could spread like in the documentaries or fictional films I'd watched. The Diamond Princess cruise ship was alarming but I remember feeling so self-righteous and insensitive, like 'well, why would you go on a cruise at a time like this.' Then the virus followed a similar but not exact trajectory as the Black Death, traveling through Iran and slamming into Italy. Cases detected within nursing homes in the United States, on the West Coast and then in New York, before a case finally showed itself in Philadelphia. My best friend called me in panic that her state, New Jersey, was shutting down. Philly followed suit. It all still sounds so surreal and fictional, and that I remember it all so well... The only other time I feel a kind of twisted moment-by-moment nostalgia like this is when I remember the morning of September 11, 2001. Watching this video feels like watching videos of New York on September 10th, 2001. None of us can really explain what this feeling is, but most of us feel it, like a sudden fragrance that reminds us of childhood but we can't detect where it's from. I'm sorry to have rambled, but I felt compelled to ramble.","Richie Beck","https://yt3.ggpht.com/ytc/AKedOLSxoCAnb_RlCcA31Kyw9xRXe2qWp4lT3te04Kq9=s48-c-k-c0x00ffffff-no-rj","http://www.youtube.com/channel/UC2Hsk6vIsYf66gd85RcGP9A","UC2Hsk6vIsYf66gd85RcGP9A","TRUE","none","1","2022-04-11T23:15:38Z","2022-04-11T23:15:38Z"
"20","2LtA0-qoHOg","Come here after 500 million","Come here after 500 million","Suriya Ganesh","https://yt3.ggpht.com/ytc/AKedOLS9wnAI3wKf8FDhr87IrlhPwQOJl0y1RF3LL9hJzW0Hfr1rDooLleKTx7PlwQSR=s48-c-k-c0x00ffffff-no-rj","http://www.youtube.com/channel/UCaLi8bTBDHkHRtPyYc8CbUQ","UCaLi8bTBDHkHRtPyYc8CbUQ","TRUE","none","2","2022-04-11T21:31:58Z","2022-04-11T21:31:58Z"
"21","2LtA0-qoHOg","Oh dear, illness outbreaks are never fun. Oh well, I can&#39;t really see this one spreading outside of China, it looks like the doctors have it well under control.","Oh dear, illness outbreaks are never fun. Oh well, I can't really see this one spreading outside of China, it looks like the doctors have it well under control.","Robert Ivey","https://yt3.ggpht.com/ytc/AKedOLSHZUPeUSTntLnT5l_QMuFfEWB0_Fm3CSxCOUGWiw=s48-c-k-c0x00ffffff-no-rj","http://www.youtube.com/channel/UCka0e2zNKzBSU_rJoHMQuUA","UCka0e2zNKzBSU_rJoHMQuUA","TRUE","none","4","2022-04-11T15:00:55Z","2022-04-11T15:00:55Z"
"22","2LtA0-qoHOg","Little did we know what was about to happen next..","Little did we know what was about to happen next..","Nicole Simon","https://yt3.ggpht.com/ytc/AKedOLRTaJIln3YLjC7DzjGZFG_riae7nsri8lCZJcF5_oAwtwfCBcqLUhu9EsO4hXcP=s48-c-k-c0x00ffffff-no-rj","http://www.youtube.com/channel/UCuQnN-SMo-3M4V0JPTuQj6Q","UCuQnN-SMo-3M4V0JPTuQj6Q","TRUE","none","3","2022-04-09T21:02:16Z","2022-04-09T21:02:16Z"
"23","2LtA0-qoHOg","&quot;Don&#39;t worry this virus won&#39;t affect our country&quot;<br>Fast forward 3 years later, i failed my college, my father and sister lost their job. I rather have a Zombie Virus than to suffer without money...","""Don't worry this virus won't affect our country""
Fast forward 3 years later, i failed my college, my father and sister lost their job. I rather have a Zombie Virus than to suffer without money...","Neo Virz","https://yt3.ggpht.com/ytc/AKedOLRJC60JvQ7_dXbTShIqtttaLTxKaoc_XJq5l8ISOw=s48-c-k-c0x00ffffff-no-rj","http://www.youtube.com/channel/UC1LxQvxfrKIbinO5kxUJ5qw","UC1LxQvxfrKIbinO5kxUJ5qw","TRUE","none","4","2022-04-08T11:44:02Z","2022-04-08T11:44:43Z"
"24","2LtA0-qoHOg","The emergance of Severe Acute  Respiratory Syndrome Coronavirus 2?","The emergance of Severe Acute  Respiratory Syndrome Coronavirus 2?","Al Gireaux","https://yt3.ggpht.com/ytc/AKedOLQxxKaktPBKyXLFdT4D76_ba5QOFHEjgcoDnlh5Gw=s48-c-k-c0x00ffffff-no-rj","http://www.youtube.com/channel/UCbjcHIRt_pWLrBf9dJXNPsA","UCbjcHIRt_pWLrBf9dJXNPsA","TRUE","none","1","2022-04-07T17:25:35Z","2022-04-07T17:25:35Z"
"25","2LtA0-qoHOg","Moments Before Disaster","Moments Before Disaster","GarotoGamerProfissional 8261","https://yt3.ggpht.com/ytc/AKedOLTyB8G11w085dbHj3eZ-6k8rZdRVHnHEmjwCUm3CA=s48-c-k-c0x00ffffff-no-rj","http://www.youtube.com/channel/UCKGJaO5EShiPmeOwIAQIvLA","UCKGJaO5EShiPmeOwIAQIvLA","TRUE","none","1","2022-04-07T16:47:38Z","2022-04-07T16:47:38Z"
"26","2LtA0-qoHOg","2 yrs later","2 yrs later","Tim Osbaldeston","https://yt3.ggpht.com/ytc/AKedOLSOShmtp3LQgzxRwB8N5r0HLGvvNgBrz1-EXXM9Sg=s48-c-k-c0x00ffffff-no-rj","http://www.youtube.com/channel/UCKUL_pEk7Mq5_tklLPQ7_ig","UCKUL_pEk7Mq5_tklLPQ7_ig","TRUE","none","0","2022-04-04T23:25:32Z","2022-04-04T23:25:32Z"
"27","2LtA0-qoHOg","Wuhan Flu","Wuhan Flu","Andy Gunning","https://yt3.ggpht.com/ytc/AKedOLQo1n7X5dGbbFrsLADubr5XLCmV7cUpL6S-Zf9w=s48-c-k-c0x00ffffff-no-rj","http://www.youtube.com/channel/UCFGCgM501WO5fuq1I3kKFcg","UCFGCgM501WO5fuq1I3kKFcg","TRUE","none","3","2022-04-03T05:36:03Z","2022-04-03T05:36:03Z"
"28","2LtA0-qoHOg","As always, the communist chinese government&#39;s been lying and we all know that. This gov&#39;t media their only job is to promote the chinese party no matter what millions of deaths all over the world they caused.<br><br>China must be stopped and eventually be broken into several independant countries.","As always, the communist chinese government's been lying and we all know that. This gov't media their only job is to promote the chinese party no matter what millions of deaths all over the world they caused.

China must be stopped and eventually be broken into several independant countries.","Kratos Pau AleO","https://yt3.ggpht.com/ytc/AKedOLQnHXe9afwkep8yvopO1PWpa6SGs292e1egoQ=s48-c-k-c0x00ffffff-no-rj","http://www.youtube.com/channel/UC_Nm8rkSHtR3WAx6jZ5HhWA","UC_Nm8rkSHtR3WAx6jZ5HhWA","TRUE","none","3","2022-04-02T01:48:51Z","2022-04-02T01:48:51Z"
"29","2LtA0-qoHOg","This is so nostalgic, but in a bad manner. I can remember watching this very video around December or November and telling myself this is irrelevant to my life. How incredibly mistaken we all were.","This is so nostalgic, but in a bad manner. I can remember watching this very video around December or November and telling myself this is irrelevant to my life. How incredibly mistaken we all were.","Cole","https://yt3.ggpht.com/ytc/AKedOLRMSCCdvucAh7xhkTGprj24DZcFzgSwQKcS-XoU=s48-c-k-c0x00ffffff-no-rj","http://www.youtube.com/channel/UC5kmfYarvxw9p1MvrvsZF5g","UC5kmfYarvxw9p1MvrvsZF5g","TRUE","none","12","2022-04-01T14:39:49Z","2022-04-01T14:39:49Z"
"30","2LtA0-qoHOg","Back when it was a mystery illness","Back when it was a mystery illness","DJ","https://yt3.ggpht.com/ytc/AKedOLQ3d2N6ojFa0k8mjt_79_K1E5PDcPpNovnIbwB101c5dyLfes5QMzayuiqrgf9_UA=s48-c-k-c0x00ffffff-no-rj","http://www.youtube.com/channel/UCGxcxVi_IoLNf-tYDKtlbDw","UCGxcxVi_IoLNf-tYDKtlbDw","TRUE","none","6","2022-04-01T14:30:10Z","2022-04-01T14:30:10Z"
"31","2LtA0-qoHOg","And China won the propaganda war… they got off scot free…","And China won the propaganda war… they got off scot free…","Mr. Rubio","https://yt3.ggpht.com/aoXwk39eO18KQzfzEKoygfhE-EAR29NO3KF4Lbc1oce3ay-MC0jsC_B64uZCZEstOhOQ5cZzrQ4=s48-c-k-c0x00ffffff-no-rj","http://www.youtube.com/channel/UCADhSMoF2s_4yxrao00_cHg","UCADhSMoF2s_4yxrao00_cHg","TRUE","none","4","2022-03-30T03:49:32Z","2022-03-30T03:49:32Z"
"32","2LtA0-qoHOg","That aged like milk :D","That aged like milk :D","Lander Michal","https://yt3.ggpht.com/D8bljfOgbJLeHozJ9L0x5RwCakLZUwiFgGYrQuN3osFbBOD3qhsuB3i3Cd_C3T2Yjwt8I0ZZ5g=s48-c-k-c0x00ffffff-no-rj","http://www.youtube.com/channel/UCr2BiybAwUvYI26uhuGbG3Q","UCr2BiybAwUvYI26uhuGbG3Q","TRUE","none","5","2022-03-29T14:01:44Z","2022-03-29T14:01:44Z"
"33","2LtA0-qoHOg","<a href=""https://www.youtube.com/watch?v=2LtA0-qoHOg&amp;t=1m18s"">1:18</a> &quot;I dont feel nervous at all This one doesnt feel like Sars&quot;<br><br>Covid-19- <b>Sike thats the wrong number</b>","1:18 ""I dont feel nervous at all This one doesnt feel like Sars""

Covid-19- *Sike thats the wrong number*","imDMN<U+0001F377>","https://yt3.ggpht.com/I3tdVNUImkz4-56M9nGGyUIEnQUeK3f0_9hYMbn7tw3dy5bAXvwSYNy8SwxBkWiacnPxVJuM=s48-c-k-c0x00ffffff-no-rj","http://www.youtube.com/channel/UCpuI0JmzSG_4KKw1weg0Sbg","UCpuI0JmzSG_4KKw1weg0Sbg","TRUE","none","8","2022-03-28T13:50:14Z","2022-03-28T13:50:14Z"
"34","2LtA0-qoHOg","I remember the day these reports came out. In my line of work, the alarm bells were ringing like crazy. Too bad most of you ignored it in the states until March.","I remember the day these reports came out. In my line of work, the alarm bells were ringing like crazy. Too bad most of you ignored it in the states until March.","Ben Angelo","https://yt3.ggpht.com/ytc/AKedOLQQSL22CeLBgk_0pxSTyr9vllLzzvW_HubinnWTEo1HrVi3rtR6Md7kIlrcu81a=s48-c-k-c0x00ffffff-no-rj","http://www.youtube.com/channel/UCicn1d7qpcGon-UJxpGUkhg","UCicn1d7qpcGon-UJxpGUkhg","TRUE","none","5","2022-03-27T21:53:09Z","2022-03-27T21:53:09Z"
"35","2LtA0-qoHOg","Ah yes COVID_19","Ah yes COVID_19","ItzEva_1075","https://yt3.ggpht.com/ytc/AKedOLR9Pxprh43JRc2demhgrjqM9m3660iEO6etpT-A1Q=s48-c-k-c0x00ffffff-no-rj","http://www.youtube.com/channel/UCb5AjVZo4l10cgR319aqYyg","UCb5AjVZo4l10cgR319aqYyg","TRUE","none","2","2022-03-27T13:30:15Z","2022-03-27T13:30:15Z"
"36","2LtA0-qoHOg","This has potential to be big!","This has potential to be big!","Old Mate","https://yt3.ggpht.com/ytc/AKedOLSDGjQzE5rxlSfzyopSBvItzU2r35SmoHbWBg=s48-c-k-c0x00ffffff-no-rj","http://www.youtube.com/channel/UCgXvi_wTHNQ-0JT7w3_PLDg","UCgXvi_wTHNQ-0JT7w3_PLDg","TRUE","none","2","2022-03-25T06:48:30Z","2022-03-25T06:48:30Z"
"37","2LtA0-qoHOg","I just want to know where is Mr Wu these days..","I just want to know where is Mr Wu these days..","Ayaan Jalil","https://yt3.ggpht.com/ytc/AKedOLT_yHVFfA8HwMshfqeYNSndmiRFPSLLXewLVjs4eg=s48-c-k-c0x00ffffff-no-rj","http://www.youtube.com/channel/UCGtHucvGdwxkd7NPydEKuEQ","UCGtHucvGdwxkd7NPydEKuEQ","TRUE","none","1","2022-03-24T03:55:46Z","2022-03-24T03:55:46Z"
"38","2LtA0-qoHOg","Season 1 Episode 1","Season 1 Episode 1","Mr. Charmander","https://yt3.ggpht.com/ytc/AKedOLQuwo4XMm9PjcmVSz5A_sCF1PwRJCVR3Bo4XWxn2w=s48-c-k-c0x00ffffff-no-rj","http://www.youtube.com/channel/UCpn2mpnXhNkQEBE8un_guBw","UCpn2mpnXhNkQEBE8un_guBw","TRUE","none","7","2022-03-21T20:08:26Z","2022-03-21T20:08:26Z"
"39","2LtA0-qoHOg","china sneezed and the world caught a cold","china sneezed and the world caught a cold","scotty87able","https://yt3.ggpht.com/ytc/AKedOLTMoc7FlQsCEh3vvGvFtKaCPeBdzVJIVP4giQ=s48-c-k-c0x00ffffff-no-rj","http://www.youtube.com/channel/UCrbzwddaoJk1KVZyfdZ2Hdg","UCrbzwddaoJk1KVZyfdZ2Hdg","TRUE","none","2","2022-03-21T08:17:06Z","2022-03-21T08:17:06Z"
"40","2LtA0-qoHOg","Those were the days","Those were the days","Karolina Ener","https://yt3.ggpht.com/ytc/AKedOLRwkDta9SEiylaXGHYZer3buNzmkxmcp__1K3JW=s48-c-k-c0x00ffffff-no-rj","http://www.youtube.com/channel/UC4GzaDl9JcO1qXmR_vUpjtQ","UC4GzaDl9JcO1qXmR_vUpjtQ","TRUE","none","4","2022-03-20T22:44:09Z","2022-03-20T22:44:09Z"
"41","2LtA0-qoHOg","plague inc.","plague inc.","Cheesy Cat","https://yt3.ggpht.com/ytc/AKedOLTfN225NcsDuHY6bGmh5TkLWIs-i-4_heHsz7Hk8DE_RxbgKnReK8olUprZJR5e=s48-c-k-c0x00ffffff-no-rj","http://www.youtube.com/channel/UCgRv2PghDYeW2iXAjihWiXw","UCgRv2PghDYeW2iXAjihWiXw","TRUE","none","1","2022-03-19T09:06:26Z","2022-03-19T09:06:26Z"
"42","2LtA0-qoHOg","Don&#39;t worry guys, we&#39;ll only need two weeks to flatten the curve!","Don't worry guys, we'll only need two weeks to flatten the curve!","James Russeller III","https://yt3.ggpht.com/ytc/AKedOLQ4BujNOgrSsTH-FnwczzUMG7btnUEi7328fg=s48-c-k-c0x00ffffff-no-rj","http://www.youtube.com/channel/UCqhx-6OBQdUO6bLAvMSu8Rg","UCqhx-6OBQdUO6bLAvMSu8Rg","TRUE","none","4","2022-03-17T16:50:03Z","2022-03-17T16:50:03Z"
"43","2LtA0-qoHOg","<a href=""https://www.youtube.com/watch?v=2LtA0-qoHOg&amp;t=1m30s"">1:30</a>  This did not age well.","1:30  This did not age well.","mecq5978","https://yt3.ggpht.com/ytc/AKedOLTe7LDn8_GUv0FFYSQNg8mMCdqyGxSljg4tqw=s48-c-k-c0x00ffffff-no-rj","http://www.youtube.com/channel/UC9sFndoyoQ_n00JUo09oqEQ","UC9sFndoyoQ_n00JUo09oqEQ","TRUE","none","5","2022-03-17T00:03:19Z","2022-03-17T00:03:19Z"
"44","2LtA0-qoHOg","Hearing this is scary because you know what this turns into","Hearing this is scary because you know what this turns into","The music Mac","https://yt3.ggpht.com/nz6XWRl7TE3tmQbEjSwqrivbM_46m3K_9Bd17S_kedDIgBfymD9ZegLviyssbLtK9LsvnwN7qw=s48-c-k-c0x00ffffff-no-rj","http://www.youtube.com/channel/UCadBGrlRk_z4C3f9VWxK5Lw","UCadBGrlRk_z4C3f9VWxK5Lw","TRUE","none","3","2022-03-16T20:07:48Z","2022-03-16T20:07:48Z"
"45","2LtA0-qoHOg","I wonder what this man is thinking after learning that it&#39;s spreading world wide <a href=""https://www.youtube.com/watch?v=2LtA0-qoHOg&amp;t=1m16s"">1:16</a>","I wonder what this man is thinking after learning that it's spreading world wide 1:16","Darius Chavez","https://yt3.ggpht.com/ytc/AKedOLTad4uA1sOMWOnR9vHhL1-OE2ns0LCdf4UxmQ=s48-c-k-c0x00ffffff-no-rj","http://www.youtube.com/channel/UCuYbmIKFwAFLy5AtU6dyolw","UCuYbmIKFwAFLy5AtU6dyolw","TRUE","none","2","2022-03-16T13:17:39Z","2022-03-16T13:17:39Z"
"46","2LtA0-qoHOg","Well, that aged like milk.","Well, that aged like milk.","Yosh Boi","https://yt3.ggpht.com/ytc/AKedOLSFnTGsDHZe-Xmwgdk7IMg1uA2OLpE7mUW6nro=s48-c-k-c0x00ffffff-no-rj","http://www.youtube.com/channel/UC_YTXvgvLnobZxT8qrcqHLw","UC_YTXvgvLnobZxT8qrcqHLw","TRUE","none","2","2022-03-15T18:02:05Z","2022-03-15T18:02:14Z"
"47","2LtA0-qoHOg","Wuhan virus","Wuhan virus","PAWAN","https://yt3.ggpht.com/ytc/AKedOLTnqj2qybD7Gi9fvrvFj81TPcEgx7rPJ1aoB4hEVw=s48-c-k-c0x00ffffff-no-rj","http://www.youtube.com/channel/UCVJRkTCYwKFpIkpS4AIX9Mw","UCVJRkTCYwKFpIkpS4AIX9Mw","TRUE","none","7","2022-03-15T08:53:58Z","2022-03-15T08:53:58Z"
"48","2LtA0-qoHOg","Historical video, will be watched 50 years from now.","Historical video, will be watched 50 years from now.","The Tall Weatherman","https://yt3.ggpht.com/E56lSAyoTCKjse_1bc8TWkHZr0zRN00Ibk2QRlRK-PrBOIxM225ljf_impFhMmiOfFYO7Vqfeqk=s48-c-k-c0x00ffffff-no-rj","http://www.youtube.com/channel/UCZmCuK-ibzhjMpBKeD5SexQ","UCZmCuK-ibzhjMpBKeD5SexQ","TRUE","none","8","2022-03-15T08:34:16Z","2022-03-15T08:34:16Z"
"49","2LtA0-qoHOg","This oddly feels like train to busan but before the virus spread.","This oddly feels like train to busan but before the virus spread.","Gamer freak","https://yt3.ggpht.com/ibtj3YLqtOPBofCcfhvmqt0tRNCz48SPeOclE4zrvY3IWb_kXKOMZ1w1TCrpR7YXZqct5-Xr=s48-c-k-c0x00ffffff-no-rj","http://www.youtube.com/channel/UCgIYGAkLQFJA7LewLx5cWmQ","UCgIYGAkLQFJA7LewLx5cWmQ","TRUE","none","2","2022-03-15T06:14:53Z","2022-03-15T06:14:53Z"
"50","2LtA0-qoHOg","2 months later everything changes","2 months later everything changes","love is love 2021","https://yt3.ggpht.com/ytc/AKedOLQPI-zC9sSMA3Hwra5Tc9wCKWmokYew1W6g26TFVq7cPYnFcjZlmmKW9J1yb0a6=s48-c-k-c0x00ffffff-no-rj","http://www.youtube.com/channel/UCOucL-O7Hcmij7VTSbK0xow","UCOucL-O7Hcmij7VTSbK0xow","TRUE","none","0","2022-03-14T17:09:22Z","2022-03-14T17:09:22Z"
"51","2LtA0-qoHOg","This video is honestly perfect. The creepy/mysterious music, how clueless people were and how no one knew the amount of disaster that was heading our way. This is like the perfect teaser/trailer for an apocalypse movie","This video is honestly perfect. The creepy/mysterious music, how clueless people were and how no one knew the amount of disaster that was heading our way. This is like the perfect teaser/trailer for an apocalypse movie","eiecctro","https://yt3.ggpht.com/ytc/AKedOLSTkx4WHSy8aKfNG5gukMwgbs6A3hGnw1zRzRhyUw=s48-c-k-c0x00ffffff-no-rj","http://www.youtube.com/channel/UCMXxmdf2567i8VQnwkoSvpA","UCMXxmdf2567i8VQnwkoSvpA","TRUE","none","35","2022-03-14T11:22:47Z","2022-03-14T11:22:47Z"
"52","2LtA0-qoHOg","China was not forthcoming in its information. They sat on it and let their people travel to spread to other countries. The damage to other countries is unimaginable.","China was not forthcoming in its information. They sat on it and let their people travel to spread to other countries. The damage to other countries is unimaginable.","Marie Just Marie","https://yt3.ggpht.com/ytc/AKedOLQgjg6ogzGipI-FbKvKb5SYQgx8AKW4usTCQlYeJg=s48-c-k-c0x00ffffff-no-rj","http://www.youtube.com/channel/UC5V3J9b9FPEM7vJi4egDUYg","UC5V3J9b9FPEM7vJi4egDUYg","TRUE","none","6","2022-03-14T10:03:35Z","2022-03-14T10:03:35Z"
"53","2LtA0-qoHOg","Remember when we all wanted a vaccine for this? We thought the vaccine would save us. It never occurred to me that people wouldn&#39;t want it.<br>Please get vaccinated. It&#39;s safe.","Remember when we all wanted a vaccine for this? We thought the vaccine would save us. It never occurred to me that people wouldn't want it.
Please get vaccinated. It's safe.","panda!","https://yt3.ggpht.com/CleB0nvuF8hFxfYQIhx_5drS6rlpnVrt8aZ5tpezwnbvf7aImYQ7PpzYmXlqb3_Avofhfygyswc=s48-c-k-c0x00ffffff-no-rj","http://www.youtube.com/channel/UC4ljla-WY6k7zsLPX2MxYfw","UC4ljla-WY6k7zsLPX2MxYfw","TRUE","none","2","2022-03-14T02:09:36Z","2022-03-14T02:09:36Z"
"54","2LtA0-qoHOg","Oh yeah I agree with that dude. It&#39;s not a big deal. Don&#39;t be worried.","Oh yeah I agree with that dude. It's not a big deal. Don't be worried.","panda!","https://yt3.ggpht.com/CleB0nvuF8hFxfYQIhx_5drS6rlpnVrt8aZ5tpezwnbvf7aImYQ7PpzYmXlqb3_Avofhfygyswc=s48-c-k-c0x00ffffff-no-rj","http://www.youtube.com/channel/UC4ljla-WY6k7zsLPX2MxYfw","UC4ljla-WY6k7zsLPX2MxYfw","TRUE","none","1","2022-03-14T02:08:45Z","2022-03-14T02:08:45Z"
"55","2LtA0-qoHOg","It&#39;s been two years. I was 13, in 7th grade...<br>Now I&#39;m a freshman in highschool.<br>Where did the time go?","It's been two years. I was 13, in 7th grade...
Now I'm a freshman in highschool.
Where did the time go?","panda!","https://yt3.ggpht.com/CleB0nvuF8hFxfYQIhx_5drS6rlpnVrt8aZ5tpezwnbvf7aImYQ7PpzYmXlqb3_Avofhfygyswc=s48-c-k-c0x00ffffff-no-rj","http://www.youtube.com/channel/UC4ljla-WY6k7zsLPX2MxYfw","UC4ljla-WY6k7zsLPX2MxYfw","TRUE","none","5","2022-03-14T02:08:10Z","2022-03-14T02:08:10Z"
"56","2LtA0-qoHOg","When it all began......","When it all began......","T M Walker","https://yt3.ggpht.com/ytc/AKedOLQ3Dc-BmPY9ZyfgytnBHKmTreqXFG_m1R9r-wte=s48-c-k-c0x00ffffff-no-rj","http://www.youtube.com/channel/UCX3kzEChqv9cu6ptvtdD8lA","UCX3kzEChqv9cu6ptvtdD8lA","TRUE","none","1","2022-03-13T02:30:40Z","2022-03-13T02:30:40Z"
"57","2LtA0-qoHOg","F","F","Madhuri Devi","https://yt3.ggpht.com/ytc/AKedOLTE76dJEDJR5jJ-xkK1BZe_i3Sty5yi4t4lRA=s48-c-k-c0x00ffffff-no-rj","http://www.youtube.com/channel/UCkP757fYZdnXsvtGAAMsksw","UCkP757fYZdnXsvtGAAMsksw","TRUE","none","0","2022-03-12T10:17:03Z","2022-03-12T10:17:03Z"
"58","2LtA0-qoHOg","uh oh","uh oh","Corey Lahey","https://yt3.ggpht.com/ytc/AKedOLTR01zqzB7dXOPXO7uW0EGE0itCpvFfrlPaqSSYcg=s48-c-k-c0x00ffffff-no-rj","http://www.youtube.com/channel/UCqKStEMl1q7XXCWtAW5Qdqw","UCqKStEMl1q7XXCWtAW5Qdqw","TRUE","none","1","2022-03-12T04:51:58Z","2022-03-12T04:51:58Z"
"59","2LtA0-qoHOg","This didnt age well…","This didnt age well…","Sean Colbert","https://yt3.ggpht.com/ytc/AKedOLTXv-5l9M3uS0DvjqEeBU6TgfFKmIlD80_qxw=s48-c-k-c0x00ffffff-no-rj","http://www.youtube.com/channel/UCzxazI_077GAmviwOUKZLTw","UCzxazI_077GAmviwOUKZLTw","TRUE","none","2","2022-03-12T00:00:43Z","2022-03-12T00:00:43Z"
"60","2LtA0-qoHOg","seeing &quot;2 years later&quot; is just crazy, i even forgot how life before 2020 felt like","seeing ""2 years later"" is just crazy, i even forgot how life before 2020 felt like","TwinkleToes<U+0001F978>","https://yt3.ggpht.com/ytc/AKedOLQ4r1a2sGJEdMnIHSo7relq-uNVUC_DQ2DU8y3nzGHYF8Aj0ldk5IWI60owJDuk=s48-c-k-c0x00ffffff-no-rj","http://www.youtube.com/channel/UCmGifniLAHKX6fnv5EVxReQ","UCmGifniLAHKX6fnv5EVxReQ","TRUE","none","15","2022-03-11T00:55:58Z","2022-03-11T00:55:58Z"
"61","2LtA0-qoHOg","Chin353 virus","Chin353 virus","Artemio Ruz","https://yt3.ggpht.com/ytc/AKedOLR6xjZfiohpGXyW_h9zhN8uMX7U6qRqZRg_RRcbcw=s48-c-k-c0x00ffffff-no-rj","http://www.youtube.com/channel/UCablMzwR2h8zBSfGj8P31tw","UCablMzwR2h8zBSfGj8P31tw","TRUE","none","1","2022-03-10T15:56:38Z","2022-03-10T15:56:38Z"
"62","2LtA0-qoHOg","This is God’s punishment on this evil wicked world!","This is God’s punishment on this evil wicked world!","Omedchazak613","https://yt3.ggpht.com/ytc/AKedOLRK7YM5ZGqIFQNox3txiCx153TU5spgc-uWGwX7=s48-c-k-c0x00ffffff-no-rj","http://www.youtube.com/channel/UCOs1uDWNwlnCD03Fyv18R8w","UCOs1uDWNwlnCD03Fyv18R8w","TRUE","none","0","2022-03-10T05:07:39Z","2022-03-10T05:07:39Z"
"63","2LtA0-qoHOg","I think me and my neighbor were the only ones who predicted this would get really bad, no one believed me even though I said, think about, it&#39;s China, everything is made in China and there are over a billion Chinese people who like to travel all over the globe. I even said, I reckon Britain and America would have the worst infection rates in the world because of the reluctance of the governments to close borders. Anyway, my theory proved right and no one questions me anymore, I&#39;m a virus expert now.","I think me and my neighbor were the only ones who predicted this would get really bad, no one believed me even though I said, think about, it's China, everything is made in China and there are over a billion Chinese people who like to travel all over the globe. I even said, I reckon Britain and America would have the worst infection rates in the world because of the reluctance of the governments to close borders. Anyway, my theory proved right and no one questions me anymore, I'm a virus expert now.","Mr Krisps","https://yt3.ggpht.com/ytc/AKedOLRalxJUMPEB4HfKO3teNO7t8OJ0W5an5CqpSW5n=s48-c-k-c0x00ffffff-no-rj","http://www.youtube.com/channel/UCoPa-jaNqF95HTauSoR1QpA","UCoPa-jaNqF95HTauSoR1QpA","TRUE","none","2","2022-03-10T00:43:50Z","2022-03-10T00:43:50Z"
"64","2LtA0-qoHOg","Fast forward two years and putin is blowing up nwo bioweapons labs in ukraine <U+0001F92F>","Fast forward two years and putin is blowing up nwo bioweapons labs in ukraine <U+0001F92F>","Queen Califia’s Daughter","https://yt3.ggpht.com/ytc/AKedOLSkl55WJcqLdg8Eg9LB6r0hiZS5530kiD3P6J9sTg=s48-c-k-c0x00ffffff-no-rj","http://www.youtube.com/channel/UC4AkMJnBtg_04DeC2ZnP7AA","UC4AkMJnBtg_04DeC2ZnP7AA","TRUE","none","1","2022-03-08T21:20:57Z","2022-03-08T21:20:57Z"
"65","2LtA0-qoHOg","i’m sure everything’s under control, no need to worry","i’m sure everything’s under control, no need to worry","Drew Thurman","https://yt3.ggpht.com/ytc/AKedOLRs8uRNbxCFFzrT06fuKM_95GgsVUivy9zQ_-i5zg=s48-c-k-c0x00ffffff-no-rj","http://www.youtube.com/channel/UCkYkqehTURRhorG243w1U9A","UCkYkqehTURRhorG243w1U9A","TRUE","none","1","2022-03-08T05:29:21Z","2022-03-08T05:29:21Z"
"66","2LtA0-qoHOg","2 years later, until now the origin is still a mystery...........","2 years later, until now the origin is still a mystery...........","sidjznbwzijd jakznsjsiizjs","https://yt3.ggpht.com/ytc/AKedOLRPykhNoLh45G_TJ-W9FmIrifxHps8eoPcjCw=s48-c-k-c0x00ffffff-no-rj","http://www.youtube.com/channel/UCuyir0qadCohAy2Al9CB9GA","UCuyir0qadCohAy2Al9CB9GA","TRUE","none","1","2022-03-07T16:16:23Z","2022-03-07T16:16:23Z"
"67","2LtA0-qoHOg","We are on year 3 of the deadly virus","We are on year 3 of the deadly virus","Moin Mahmud","https://yt3.ggpht.com/dlzOmvLo9WlCyJZDMhEqvyitC7OK3WS1IoeY4HisTPNb-agNsjU_xTMrxrX6htwyZx3rLa68GA=s48-c-k-c0x00ffffff-no-rj","http://www.youtube.com/channel/UCOwdyjwfnYNGcKlLIz1VYeQ","UCOwdyjwfnYNGcKlLIz1VYeQ","TRUE","none","1","2022-03-06T20:21:21Z","2022-03-06T20:21:21Z"
"68","2LtA0-qoHOg","THE WU-FLU..Series premiere!!! Who knew this show would last this long?? Lol WHO knew? The W-H-O Knew!!","THE WU-FLU..Series premiere!!! Who knew this show would last this long?? Lol WHO knew? The W-H-O Knew!!","The Jimm Reaper","https://yt3.ggpht.com/4xmzIslagYQN5EhMeNSc1ZH4miH3aDGFpGilKj_0HICD_IKlAiVBUnni-MRlPgV_sULkuJbarg=s48-c-k-c0x00ffffff-no-rj","http://www.youtube.com/channel/UCQ_yTQMUWa0T7HSMRrkuCSA","UCQ_yTQMUWa0T7HSMRrkuCSA","TRUE","none","4","2022-03-06T19:25:38Z","2022-03-06T19:25:38Z"
"69","2LtA0-qoHOg","Weird you had the nerve to spread it to the US","Weird you had the nerve to spread it to the US","JAYGUAP720","https://yt3.ggpht.com/Gtz75gH3BpNeNMr7rcqm_Xk-JS0NRtXRPbqKyD5-m0gdSN9WxjDyOY4iAsE9B8j-Sgwa0sDX8A=s48-c-k-c0x00ffffff-no-rj","http://www.youtube.com/channel/UCdaouqLp935DtkBzSCq1yaQ","UCdaouqLp935DtkBzSCq1yaQ","TRUE","none","1","2022-03-06T15:22:56Z","2022-03-06T15:23:09Z"
"70","2LtA0-qoHOg","Might have been created in a Chinese lab, but surely not by the Chinese, but someone else,  from another country,....... Surely a country unto which China is a threat......and I am not talking about Taiwan.  A certain angelic country......., the country which is always superior and righteous above any other........ You know the country.","Might have been created in a Chinese lab, but surely not by the Chinese, but someone else,  from another country,....... Surely a country unto which China is a threat......and I am not talking about Taiwan.  A certain angelic country......., the country which is always superior and righteous above any other........ You know the country.","henthus T","https://yt3.ggpht.com/ytc/AKedOLR69q8h_x9h_BEUtwmlG5obcCFxx7zYy5zasy4W=s48-c-k-c0x00ffffff-no-rj","http://www.youtube.com/channel/UCxjzmZXw3Tvm9jz-HEDqGqA","UCxjzmZXw3Tvm9jz-HEDqGqA","TRUE","none","0","2022-03-05T20:27:43Z","2022-03-05T20:27:43Z"
"71","2LtA0-qoHOg","Hi. We&#39;re in the possibility of WW3 now. Please help :(","Hi. We're in the possibility of WW3 now. Please help :(","<U+4EBA><U+5149>","https://yt3.ggpht.com/ytc/AKedOLRFhXZu8WArfkif1YYMGgWVNRYSrmdlu_AC3Jp50A=s48-c-k-c0x00ffffff-no-rj","http://www.youtube.com/channel/UCr_ACNn7FH7uwlc2xPHObog","UCr_ACNn7FH7uwlc2xPHObog","TRUE","none","2","2022-03-05T14:15:12Z","2022-03-05T14:15:12Z"
"72","2LtA0-qoHOg","This change the world.","This change the world.","asdfghjkl","https://yt3.ggpht.com/BBOW5HRNSqM6ZF4n8BfHCN7YAXYw_FLYxdwiutRFOvXkn93NEe9Yvl_EBbipyECO54PWefBm860=s48-c-k-c0x00ffffff-no-rj","http://www.youtube.com/channel/UCxNQWLNYihBAP28x4eX184g","UCxNQWLNYihBAP28x4eX184g","TRUE","none","2","2022-03-05T06:44:46Z","2022-03-05T06:44:46Z"
"73","2LtA0-qoHOg","Never forget.","Never forget.","asdfghjkl","https://yt3.ggpht.com/BBOW5HRNSqM6ZF4n8BfHCN7YAXYw_FLYxdwiutRFOvXkn93NEe9Yvl_EBbipyECO54PWefBm860=s48-c-k-c0x00ffffff-no-rj","http://www.youtube.com/channel/UCxNQWLNYihBAP28x4eX184g","UCxNQWLNYihBAP28x4eX184g","TRUE","none","2","2022-03-05T06:44:25Z","2022-03-05T06:44:25Z"
"74","2LtA0-qoHOg","Hot Chinese nurses you can cough all over me I don’t care","Hot Chinese nurses you can cough all over me I don’t care","Pale Dude","https://yt3.ggpht.com/ytc/AKedOLTjVFI_TicfceyRp_h3uPHKZ29irbJa-S2qq2wcRA=s48-c-k-c0x00ffffff-no-rj","http://www.youtube.com/channel/UCei6xvOQdxIqfsvVNQCX8GQ","UCei6xvOQdxIqfsvVNQCX8GQ","TRUE","none","0","2022-03-04T11:45:58Z","2022-03-04T11:45:58Z"
"75","2LtA0-qoHOg","totally not gonna result in a multi year pandemic","totally not gonna result in a multi year pandemic","Fard","https://yt3.ggpht.com/s-D4v8qG9m8wsRZPg3KCsGXAhu-yO_ypIG2HkJeUB0n1V78y6uDzYp1dfqRiKwIg_1ljwpFgWg=s48-c-k-c0x00ffffff-no-rj","http://www.youtube.com/channel/UCJ22y_vIeaEF1R5VChjiRqg","UCJ22y_vIeaEF1R5VChjiRqg","TRUE","none","7","2022-03-02T08:51:22Z","2022-03-02T08:51:22Z"
"76","2LtA0-qoHOg","ngl...those lockdown in the first year was very great tho.. seeing people not going out and earth slowly recovering and many more was insanely amazing and plus am an introvert so those moments were golden to me","ngl...those lockdown in the first year was very great tho.. seeing people not going out and earth slowly recovering and many more was insanely amazing and plus am an introvert so those moments were golden to me","Amirun Iman","https://yt3.ggpht.com/ytc/AKedOLSzDAh0Am03_S1mPagvdY2_J_aloAE6GxNbIMpZLA=s48-c-k-c0x00ffffff-no-rj","http://www.youtube.com/channel/UCHTk_QPTs4BHFWHPB1UVqsQ","UCHTk_QPTs4BHFWHPB1UVqsQ","TRUE","none","7","2022-03-02T04:15:49Z","2022-03-02T04:15:49Z"
"77","2LtA0-qoHOg","This is where the virus started","This is where the virus started","Twinny twin twins Shawn and stephen gaming","https://yt3.ggpht.com/ow1vucWcGumPuKkW3F0t02qfUeRsd-gEWBRASbMqcbAwO05_e242ao4e8XXf9Im7qnOcp4Ntzg=s48-c-k-c0x00ffffff-no-rj","http://www.youtube.com/channel/UCp0CqXnd0l4SVc60ZW5UCfA","UCp0CqXnd0l4SVc60ZW5UCfA","TRUE","none","3","2022-03-01T18:23:48Z","2022-03-01T18:23:48Z"
"78","2LtA0-qoHOg","Im from the future, youtube….im telling you, CONTAIN IT BETTER","Im from the future, youtube….im telling you, CONTAIN IT BETTER","Big Hell","https://yt3.ggpht.com/OLpQocdJurfobYfdhXRhKjyhKnrmMaH2jUYItUMmXNQfthURBcnQ2ll027V2EZMJRUjXaC2_viU=s48-c-k-c0x00ffffff-no-rj","http://www.youtube.com/channel/UC8hWAbIsq1Z7Ov0WkxqKlMg","UC8hWAbIsq1Z7Ov0WkxqKlMg","TRUE","none","1","2022-02-27T01:46:00Z","2022-02-27T01:46:20Z"
"79","2LtA0-qoHOg","Watching this is crazy, how this “not so serious” illness would change the world in a matter of months.<U+0001F614><U+0001F614><U+0001F614><U+0001F614>","Watching this is crazy, how this “not so serious” illness would change the world in a matter of months.<U+0001F614><U+0001F614><U+0001F614><U+0001F614>","A P","https://yt3.ggpht.com/ytc/AKedOLS41pNe93qrr9aeql03KOCl9GfRTwhuLgw15t5tnw=s48-c-k-c0x00ffffff-no-rj","http://www.youtube.com/channel/UCVsBU5AY1d4EYrPt_yeqwCg","UCVsBU5AY1d4EYrPt_yeqwCg","TRUE","none","5","2022-02-27T00:24:47Z","2022-02-27T00:24:47Z"
"80","2LtA0-qoHOg","Man... I sure wish this mystery illness doesn&#39;t spread all over the world. That would be terrible.","Man... I sure wish this mystery illness doesn't spread all over the world. That would be terrible.","zuxx00","https://yt3.ggpht.com/ytc/AKedOLQniLDBWr3JSl8AwMi32Wz2lDhx1eivrT_LsFHKKw=s48-c-k-c0x00ffffff-no-rj","http://www.youtube.com/channel/UC9rh59qZWH2JPEOQjlod-BQ","UC9rh59qZWH2JPEOQjlod-BQ","TRUE","none","3","2022-02-25T10:31:47Z","2022-02-25T10:31:47Z"
"81","2LtA0-qoHOg","siuuuuuuuuuuuuuuu","siuuuuuuuuuuuuuuu","Ghada Elfar","https://yt3.ggpht.com/ytc/AKedOLTeZvpwBW4ZnhOjSIpYfw-CMm12dhFaDkxoSjqKXJowkEicCb6gdVGDktuUtquJ=s48-c-k-c0x00ffffff-no-rj","http://www.youtube.com/channel/UCh3uAn4V5B2IqsLwuWQxCJg","UCh3uAn4V5B2IqsLwuWQxCJg","TRUE","none","3","2022-02-23T06:30:33Z","2022-02-23T06:30:33Z"
"82","2LtA0-qoHOg","The classic that started it all","The classic that started it all","Horacio Barrios","https://yt3.ggpht.com/ytc/AKedOLTypTZ2ceQ4AbOXjrk6oInEroIYCLrAYpcL5_dumA=s48-c-k-c0x00ffffff-no-rj","http://www.youtube.com/channel/UCDaLSK3LU8-hNyZGM68rLhw","UCDaLSK3LU8-hNyZGM68rLhw","TRUE","none","4","2022-02-21T21:35:11Z","2022-02-21T21:35:11Z"
"83","2LtA0-qoHOg","I&#39;m sure everything will be fine","I'm sure everything will be fine","Nebeprisivaizdotinklaraštininkaujantis","https://yt3.ggpht.com/q1FS_VaHRggXQ65oDlHZuLzWaEAwtEpl_1ASr4zrQ-TnZKIbTcp7oMM9D7hXp6lSz8M_1J9eCg=s48-c-k-c0x00ffffff-no-rj","http://www.youtube.com/channel/UCA38GWq1Y83qLPSYkVWRhHA","UCA38GWq1Y83qLPSYkVWRhHA","TRUE","none","2","2022-02-21T19:21:07Z","2022-02-21T19:21:07Z"
"84","2LtA0-qoHOg","Little did anyone know that March 2020 would be the year everything hits the fan.","Little did anyone know that March 2020 would be the year everything hits the fan.","TheColorEnhancmentChannel","https://yt3.ggpht.com/_e7MvtClh4mbMP-CsLvZl4IoZNfSgCW67cg-9LXEwlu1xgQtvM6B0R8OXSPxiqOiLoKtzu_J=s48-c-k-c0x00ffffff-no-rj","http://www.youtube.com/channel/UCdxhnzU1SwtqcL4BSuNIrIQ","UCdxhnzU1SwtqcL4BSuNIrIQ","TRUE","none","5","2022-02-20T20:45:32Z","2022-02-20T20:45:32Z"
"85","2LtA0-qoHOg","Wuhan virus","Wuhan virus","Ambrose Cho","https://yt3.ggpht.com/ytc/AKedOLQT6fi262hchy1Nm_lWNKqhdpH-XzaTlQY8kw=s48-c-k-c0x00ffffff-no-rj","http://www.youtube.com/channel/UCpj4WBCWPGby2fDCNRmnkIA","UCpj4WBCWPGby2fDCNRmnkIA","TRUE","none","2","2022-02-20T14:40:59Z","2022-02-20T14:40:59Z"
"86","2LtA0-qoHOg","Watching in February 2022, the pandemic is still ongoing","Watching in February 2022, the pandemic is still ongoing","Jovi Setiawan","https://yt3.ggpht.com/cJzvy7n_SaL4Auw-oN9r3l3c5e0eHR-g_t2DDx9RQSR5I15Sfc8LcTOz6whDTlmjVSPsENTiWA=s48-c-k-c0x00ffffff-no-rj","http://www.youtube.com/channel/UCNlNlPx_imknOY1eN8nK4WA","UCNlNlPx_imknOY1eN8nK4WA","TRUE","none","7","2022-02-20T09:28:32Z","2022-02-20T09:28:32Z"
"87","2LtA0-qoHOg","I can’t believe this video is 2 years old…","I can’t believe this video is 2 years old…","Jay Charles","https://yt3.ggpht.com/ytc/AKedOLQCswpTnW8QEbmzHPt755yYr1k-UxQI0-DLFA=s48-c-k-c0x00ffffff-no-rj","http://www.youtube.com/channel/UCPxvK_t7eMqlvcTPV4NN3Uw","UCPxvK_t7eMqlvcTPV4NN3Uw","TRUE","none","6","2022-02-19T11:31:00Z","2022-02-19T11:31:00Z"
"88","2LtA0-qoHOg","What is it and will it come to America? <br><br>Hope it doesn&#39;t.... I&#39;m in Florida<br><br>Glad it from China to far :)","What is it and will it come to America? 

Hope it doesn't.... I'm in Florida

Glad it from China to far :)","Mai Nezuko Vang","https://yt3.ggpht.com/ytc/AKedOLSTHs6H2DtQ0EaLvOcaCKw8N1uXHL-DvQiFdeX83Q=s48-c-k-c0x00ffffff-no-rj","http://www.youtube.com/channel/UC1Hb4YEsXyJ9_FULfJYNyEw","UC1Hb4YEsXyJ9_FULfJYNyEw","TRUE","none","6","2022-02-19T07:39:05Z","2022-02-19T07:39:05Z"
"89","2LtA0-qoHOg","this is the start….","this is the start….","chejjejwijjdji","https://yt3.ggpht.com/TjvjdOjuCtHeNrNQ__qBc4Kg59RTDk2tDl1VVAx1DIauB5XPPI-2ucCx8U2b27bLQwppMNSV=s48-c-k-c0x00ffffff-no-rj","http://www.youtube.com/channel/UCLo5IfxC78-yAy6f-Iv6OmA","UCLo5IfxC78-yAy6f-Iv6OmA","TRUE","none","4","2022-02-19T05:19:19Z","2022-02-19T05:19:19Z"
"90","2LtA0-qoHOg","Feels weird to say that I&#39;m infected with this mysterious illness right now.","Feels weird to say that I'm infected with this mysterious illness right now.","Elijah Sabo","https://yt3.ggpht.com/ytc/AKedOLTKv7MC8iUe1dU1KGAHASxgZYKvu0a9hkbUJg=s48-c-k-c0x00ffffff-no-rj","http://www.youtube.com/channel/UClAz98QONxXwHmBLpoubBpA","UClAz98QONxXwHmBLpoubBpA","TRUE","none","6","2022-02-19T04:36:05Z","2022-02-19T04:36:05Z"
"91","2LtA0-qoHOg","Before covid, I never even knew what a great pandemic was, I didn&#39;t even know that this could even possibly happen, and I though sicknesses like the flu and cold were just there,<br><br>Guess that changed","Before covid, I never even knew what a great pandemic was, I didn't even know that this could even possibly happen, and I though sicknesses like the flu and cold were just there,

Guess that changed","Flippa Clip Animations","https://yt3.ggpht.com/dwDDuSWTcuQ3D7w4oJY2mkn_ZjnG7kDSW2zPpq6K0Ef8JxyNchXbkYP-NobCIO4YLS8tHgl6kQ=s48-c-k-c0x00ffffff-no-rj","http://www.youtube.com/channel/UCvFSIy9TiDDtluQFEA8SY_Q","UCvFSIy9TiDDtluQFEA8SY_Q","TRUE","none","3","2022-02-19T00:41:32Z","2022-02-19T00:41:32Z"
"92","2LtA0-qoHOg","Season 1 Episode 1 of &#39;Mystery Illness&#39;","Season 1 Episode 1 of 'Mystery Illness'","K","https://yt3.ggpht.com/0YkR4z6BgiI44YOgxAypGJEtwc9-CGC5dDvm7UMGvNSrlgknRoVHtHQvGJ8LexKT8ikFJRRc=s48-c-k-c0x00ffffff-no-rj","http://www.youtube.com/channel/UCOPHOtYTJcb4ggVyjjfpgSg","UCOPHOtYTJcb4ggVyjjfpgSg","TRUE","none","7","2022-02-18T16:28:30Z","2022-02-18T16:28:30Z"
"93","2LtA0-qoHOg","I remember seeing these videos and news and I didnt think much of it. Thought it was just about China cuz&#39; I know they always have diseases and wear masks. Then memes about this started appearing. Then one day I was in a bus. I have seen many sticked papers inside the bus instructing how to protect yourself from coronavirus. The moment this whole plandemic seemed odd to me was from that one. My country would never do such thing, and so early. My country is among least developed in EU. They would NEVER react to something so fast and take something into consideration.","I remember seeing these videos and news and I didnt think much of it. Thought it was just about China cuz' I know they always have diseases and wear masks. Then memes about this started appearing. Then one day I was in a bus. I have seen many sticked papers inside the bus instructing how to protect yourself from coronavirus. The moment this whole plandemic seemed odd to me was from that one. My country would never do such thing, and so early. My country is among least developed in EU. They would NEVER react to something so fast and take something into consideration.","Vivi","https://yt3.ggpht.com/ytc/AKedOLTskJTM1TaCCnFsYTb9kZ4bxcAFu3VmxPoSLRlnUA=s48-c-k-c0x00ffffff-no-rj","http://www.youtube.com/channel/UCw88Kq2t_Dki_J9NOXuijQw","UCw88Kq2t_Dki_J9NOXuijQw","TRUE","none","2","2022-02-18T08:36:10Z","2022-02-18T08:36:10Z"
"94","2LtA0-qoHOg","The virus itself isn&#39;t even the worst part; it&#39;s the governments using it as an excuse to abuse the citizens.","The virus itself isn't even the worst part; it's the governments using it as an excuse to abuse the citizens.","John Leonard","https://yt3.ggpht.com/ytc/AKedOLRduIqKhwIpPGTveQznW4cwpjmUnZ5kJN_h3GLOdnQ=s48-c-k-c0x00ffffff-no-rj","http://www.youtube.com/channel/UCxAHuUE0Mkq-m1s1-VuhqNw","UCxAHuUE0Mkq-m1s1-VuhqNw","TRUE","none","3","2022-02-17T23:40:12Z","2022-02-17T23:40:12Z"
"95","2LtA0-qoHOg","From pandemic to endemic. We can be thankful that after 2 years of lockdowns and mandates that 2022 is the year that covid is no longer being classed as an emergency.","From pandemic to endemic. We can be thankful that after 2 years of lockdowns and mandates that 2022 is the year that covid is no longer being classed as an emergency.","Dave Annan","https://yt3.ggpht.com/ytc/AKedOLQLzkp2H9lsH7ATbcnuBTpcJ2KhBExO7mwEQlci=s48-c-k-c0x00ffffff-no-rj","http://www.youtube.com/channel/UCeKjPsYNQZ8RhwU6H-rCFqA","UCeKjPsYNQZ8RhwU6H-rCFqA","TRUE","none","2","2022-02-17T22:46:30Z","2022-02-17T22:46:30Z"
"96","2LtA0-qoHOg","We should have gone to Greenland when we had the chance.......","We should have gone to Greenland when we had the chance.......","Manic _","https://yt3.ggpht.com/ytc/AKedOLSDJkeXuBfd6s8q-8AAzVEQpv3pUwL7eL-W9y8g=s48-c-k-c0x00ffffff-no-rj","http://www.youtube.com/channel/UCZlDwejiuNWKyv08u0R2H0A","UCZlDwejiuNWKyv08u0R2H0A","TRUE","none","3","2022-02-17T02:17:17Z","2022-02-17T02:17:17Z"
"97","2LtA0-qoHOg","My type 2 Diabetes came to an end after using the natural herbs medication which I ordered from Dr IGUDIA on his YouTube channel. <br>The herbs medication was indeed very effective and helpful.","My type 2 Diabetes came to an end after using the natural herbs medication which I ordered from Dr IGUDIA on his YouTube channel. 
The herbs medication was indeed very effective and helpful.","MOHAMMED SALIM","https://yt3.ggpht.com/j2IZ85IGDEIkk2iZzHR0AB1JB-Uy_TczR8TSsahztCfaJjfPA1toLKP9uCwn5S3lRyM76LOe=s48-c-k-c0x00ffffff-no-rj","http://www.youtube.com/channel/UCQ66VEzKjYJewNVo0nwJuIA","UCQ66VEzKjYJewNVo0nwJuIA","TRUE","none","0","2022-02-16T22:35:13Z","2022-02-16T22:35:13Z"
"98","2LtA0-qoHOg","<U+7EAA><U+5FF5><U+674E><U+6587><U+4EAE><U+7684><U+540C><U+65F6> <U+6211><U+4EEC><U+8FD8><U+53EF><U+4EE5><U+600E><U+4E48><U+505A>?<br><a href=""https://www.youtube.com/watch?v=VFQkH1SnG10"">https://www.youtube.com/watch?v=VFQkH1SnG10</a>","<U+7EAA><U+5FF5><U+674E><U+6587><U+4EAE><U+7684><U+540C><U+65F6> <U+6211><U+4EEC><U+8FD8><U+53EF><U+4EE5><U+600E><U+4E48><U+505A>?
https://www.youtube.com/watch?v=VFQkH1SnG10","Anita Goh","https://yt3.ggpht.com/ytc/AKedOLQSkUsfWbkAw1hlRl3uxdltUQfyZ5JAg9dRcg=s48-c-k-c0x00ffffff-no-rj","http://www.youtube.com/channel/UC9d0EmrUErg7QEFvGWqOANA","UC9d0EmrUErg7QEFvGWqOANA","TRUE","none","0","2022-02-16T13:33:54Z","2022-02-16T13:33:54Z"
"99","2LtA0-qoHOg","In the two years of this scam, I haven&#39;t seen any  CCTV footage of anyone dropping to the ground in London, New York, Paris, Milan, Barcelona, Stockholm, Hong Kong, Taiwan...in fact, I haven&#39;t seen anyone dropping anywhere like they did in Wuhan...did those in Wuhan have a different variant which causes young people to drop to the ground?","In the two years of this scam, I haven't seen any  CCTV footage of anyone dropping to the ground in London, New York, Paris, Milan, Barcelona, Stockholm, Hong Kong, Taiwan...in fact, I haven't seen anyone dropping anywhere like they did in Wuhan...did those in Wuhan have a different variant which causes young people to drop to the ground?","truthbetold","https://yt3.ggpht.com/ytc/AKedOLQzCrGv7MQUj86b7FAjr8Gl8eBDTNXhLuTGy4GO=s48-c-k-c0x00ffffff-no-rj","http://www.youtube.com/channel/UCxSUp9rfNu9QIQGZeMYcmhg","UCxSUp9rfNu9QIQGZeMYcmhg","TRUE","none","2","2022-02-16T12:45:28Z","2022-02-16T12:45:28Z"
"100","2LtA0-qoHOg","I love the part when the virus becomes a world wide pandemic","I love the part when the virus becomes a world wide pandemic","H Studios","https://yt3.ggpht.com/ytc/AKedOLSbliiAByqJKrQ8Ah0c7mhNPhJlKC5CymkCYPFy7Q=s48-c-k-c0x00ffffff-no-rj","http://www.youtube.com/channel/UCOmpFOmn-B2WzJAGVXSRQhw","UCOmpFOmn-B2WzJAGVXSRQhw","TRUE","none","2","2022-02-16T10:41:37Z","2022-02-16T10:41:37Z"
