"","videoId","textDisplay","textOriginal","authorDisplayName","authorProfileImageUrl","authorChannelUrl","authorChannelId.value","canRate","viewerRating","likeCount","publishedAt","updatedAt"
"1","D9s0Io2geNE","Lying crook and traitor","Lying crook and traitor","Simon UK","https://yt3.ggpht.com/ytc/AKedOLSf_S8nQhAgu2mHx19Gp5655cKv_jcPq47NcEWRFA=s48-c-k-c0x00ffffff-no-rj","http://www.youtube.com/channel/UCRnNIR2d8zEXbWWVjLTf9RQ","UCRnNIR2d8zEXbWWVjLTf9RQ","TRUE","none","0","2022-04-15T16:54:51Z","2022-04-15T16:54:51Z"
"2","D9s0Io2geNE","It has now been two years since this national emergency happened.","It has now been two years since this national emergency happened.","Dan Hobson","https://yt3.ggpht.com/ytc/AKedOLQOgBf57jMM4ScTK5YqeuaxM7e9xeou9yvvPzM4sMk=s48-c-k-c0x00ffffff-no-rj","http://www.youtube.com/channel/UCkj7HWjhqUy5cvTuRzAaVdQ","UCkj7HWjhqUy5cvTuRzAaVdQ","TRUE","none","0","2022-03-27T14:29:31Z","2022-03-27T14:29:31Z"
"3","D9s0Io2geNE","I believe I had just started Spring Break our last day of class in University when we go an emergency email telling us to return for our belongings and to complete proper checkout. <br><br>We weren’t allowed for spring break to b finished to get our belongings as we were given 3 days to b out.","I believe I had just started Spring Break our last day of class in University when we go an emergency email telling us to return for our belongings and to complete proper checkout. 

We weren’t allowed for spring break to b finished to get our belongings as we were given 3 days to b out.","IDK IDK","https://yt3.ggpht.com/ytc/AKedOLTWyi9KdtH-WjlDb9GM0QxMMwJvWGYKjY_24_2khQ=s48-c-k-c0x00ffffff-no-rj","http://www.youtube.com/channel/UCKZ8ioWfOdqmulKrBgoTz5Q","UCKZ8ioWfOdqmulKrBgoTz5Q","TRUE","none","0","2022-03-14T20:41:26Z","2022-03-14T20:41:26Z"
"4","D9s0Io2geNE","2 years ago today","2 years ago today","Sebastian Moya","https://yt3.ggpht.com/ytc/AKedOLSiKTELmjTgatWVL2qojmI9MIy6icthsATNCXckGw=s48-c-k-c0x00ffffff-no-rj","http://www.youtube.com/channel/UCF2oPh3UX1M94IitdmTRyjw","UCF2oPh3UX1M94IitdmTRyjw","TRUE","none","0","2022-03-13T21:10:01Z","2022-03-13T21:10:01Z"
"5","D9s0Io2geNE","I remember watching this video and suddenly all the country start to announce Lockdown too","I remember watching this video and suddenly all the country start to announce Lockdown too","LazyZiq YT","https://yt3.ggpht.com/ytc/AKedOLTvLRJioqwsSwLPqYWPSe1pYXuEWjVp7fnU9GB6og=s48-c-k-c0x00ffffff-no-rj","http://www.youtube.com/channel/UCGRFn_zlEuZThVcNIb9sBmQ","UCGRFn_zlEuZThVcNIb9sBmQ","TRUE","none","0","2022-01-03T06:57:10Z","2022-01-03T06:57:10Z"
"6","D9s0Io2geNE","Coronuuuuh","Coronuuuuh","ConnorBT","https://yt3.ggpht.com/r5tImL44bfn09No6MUrxhgyuaDZH7KyZCSLHVSiJ5yOSaYYBHEtCCImddXCUHjzoQ-8VBFsX2g=s48-c-k-c0x00ffffff-no-rj","http://www.youtube.com/channel/UCC7OgK5aGuIq5FIx5093A4Q","UCC7OgK5aGuIq5FIx5093A4Q","TRUE","none","0","2021-11-25T22:51:13Z","2021-11-25T22:51:13Z"
"7","D9s0Io2geNE","What a fucking joke this guy was jebus cripes, stumbling idiot who never thought in a million years he would have to anything this important and you can tell, this person should not be in charge of anything.","What a fucking joke this guy was jebus cripes, stumbling idiot who never thought in a million years he would have to anything this important and you can tell, this person should not be in charge of anything.","HiggZ B","https://yt3.ggpht.com/ytc/AKedOLTNq298Tzb__pbfNXbPXj4EQRSIBOuK6ZVy8Q=s48-c-k-c0x00ffffff-no-rj","http://www.youtube.com/channel/UCfg4roDPe43U-ZJoarkOS4g","UCfg4roDPe43U-ZJoarkOS4g","TRUE","none","0","2021-11-20T22:28:03Z","2021-11-20T22:28:03Z"
"8","D9s0Io2geNE","And Joe Biden still has not rescinded it.","And Joe Biden still has not rescinded it.","TheRennellReedChannel","https://yt3.ggpht.com/ytc/AKedOLQrqS--uhAosrONeqs0_L_MfmCxYceJUGilw576HQ=s48-c-k-c0x00ffffff-no-rj","http://www.youtube.com/channel/UCJqZbBiJadCeLUIPAKBHBPQ","UCJqZbBiJadCeLUIPAKBHBPQ","TRUE","none","0","2021-08-31T03:00:23Z","2021-08-31T03:00:23Z"
"9","D9s0Io2geNE","Historical","Historical","Googlebanmetoomuch 2","https://yt3.ggpht.com/ytc/AKedOLRT-uYko8JPUe97ZzKrFWd09jgEM171EtzJ5g=s48-c-k-c0x00ffffff-no-rj","http://www.youtube.com/channel/UCld92NmmXl596el1VMCn5oA","UCld92NmmXl596el1VMCn5oA","TRUE","none","0","2021-08-22T03:51:49Z","2021-08-22T03:51:49Z"
"10","D9s0Io2geNE","This was my last normal day of high school before graduation. Wild.","This was my last normal day of high school before graduation. Wild.","SleepyAshu","https://yt3.ggpht.com/z8LJvGyYB6AIXHkLA0jnVx_b_lXb1N-kRmMQFkdfSR-N3TAH7jUlcceEu_QyAWAMlC80cyhBug=s48-c-k-c0x00ffffff-no-rj","http://www.youtube.com/channel/UC4FZhCHV9SBsiDNVSglX0Ow","UC4FZhCHV9SBsiDNVSglX0Ow","TRUE","none","0","2021-07-27T18:49:50Z","2021-07-27T18:49:50Z"
"11","D9s0Io2geNE","By this time Trump already had One Foot Out of the White House Thanks to China and It´s China Virus Attack. <br>NO China Virus NO Biden. NO China Virus 4 More Years for Trump.","By this time Trump already had One Foot Out of the White House Thanks to China and It´s China Virus Attack. 
NO China Virus NO Biden. NO China Virus 4 More Years for Trump.","THX 1138","https://yt3.ggpht.com/ytc/AKedOLTLb_AeJLgGoYoYff5XX8LFDyPhRlMFnpRgRFN7UA=s48-c-k-c0x00ffffff-no-rj","http://www.youtube.com/channel/UCXe9Rf6uzy-NhyY4ja9tq5g","UCXe9Rf6uzy-NhyY4ja9tq5g","TRUE","none","1","2021-07-10T03:55:43Z","2021-07-10T03:55:43Z"
"12","D9s0Io2geNE","<a href=""https://www.youtube.com/watch?v=D9s0Io2geNE&amp;t=2m55s"">2:55</a>","2:55","Moises Alejo","https://yt3.ggpht.com/llqqf9upjMIn_Loymegij6tp-wMPf0CtsYN5v63E1Q91EGEIWbX6Rzb8l7zk2YZKjkEbonkk5Q=s48-c-k-c0x00ffffff-no-rj","http://www.youtube.com/channel/UC7wgKD5OyKGgPt05Pu2BjkQ","UC7wgKD5OyKGgPt05Pu2BjkQ","TRUE","none","1","2021-07-06T06:49:41Z","2021-07-06T06:49:53Z"
"13","D9s0Io2geNE","Just taking a look back at history.","Just taking a look back at history.","Mr.Google","https://yt3.ggpht.com/uaQ4FPCYE9DaDoqk6xcMPOsGGWTaySYtC2QmROsxOHRcHkH8vDa1DX45lTCuPlulCLIISjKa1g=s48-c-k-c0x00ffffff-no-rj","http://www.youtube.com/channel/UCV-iHdU6iYWK8erzCvbUrkQ","UCV-iHdU6iYWK8erzCvbUrkQ","TRUE","none","16","2021-04-20T16:55:51Z","2021-04-20T16:55:51Z"
"14","D9s0Io2geNE","Worst task force in the history of the nation regarding a pandemic","Worst task force in the history of the nation regarding a pandemic","tucko11","https://yt3.ggpht.com/EvR_YCCWw3wjsPwwz94ODoI6rkpe8wLiHlKquNV_3hTNWiMfE0_wUhsZTD5dEXuvunc4e-sLXpk=s48-c-k-c0x00ffffff-no-rj","http://www.youtube.com/channel/UCsXZ3h5V0XCyCPgip8tqCuQ","UCsXZ3h5V0XCyCPgip8tqCuQ","TRUE","none","2","2021-03-19T14:41:43Z","2021-03-19T14:41:43Z"
"15","D9s0Io2geNE","The plandemic what a show","The plandemic what a show","Juan Miranda","https://yt3.ggpht.com/XeoBIWGlGPKwfgUUrZmZMKNmKDwxwgWaC1MsAZtN9rgHW31wrs3Y2Z0ZsGtnxu4e8tv6-JfkBA=s48-c-k-c0x00ffffff-no-rj","http://www.youtube.com/channel/UCvkFTzA_7HjquTxpgUT5_BQ","UCvkFTzA_7HjquTxpgUT5_BQ","TRUE","none","1","2021-03-15T02:11:32Z","2021-03-15T02:11:32Z"
"16","D9s0Io2geNE","happy anniversary everybody","happy anniversary everybody","Curren Wiggin","https://yt3.ggpht.com/ytc/AKedOLRIQBG1WNRGaRbGqcU7WQwkewqf-JK-z4XDTXbheg=s48-c-k-c0x00ffffff-no-rj","http://www.youtube.com/channel/UCsAU9KHA9i38GRayAPZ3rWA","UCsAU9KHA9i38GRayAPZ3rWA","TRUE","none","3","2021-03-14T02:24:00Z","2021-03-14T02:24:00Z"
"17","D9s0Io2geNE","ahh, it’s been a year w rona<U+0001F972>","ahh, it’s been a year w rona<U+0001F972>","Elena Valerio","https://yt3.ggpht.com/ytc/AKedOLR1kv-mHhwRu-7RRo2t6h9Jy7xS_K_no87e9BRubw=s48-c-k-c0x00ffffff-no-rj","http://www.youtube.com/channel/UCEEvFRHjX1A4e8MYo1UFQhQ","UCEEvFRHjX1A4e8MYo1UFQhQ","TRUE","none","2","2021-03-13T22:32:35Z","2021-03-13T22:32:35Z"
"18","D9s0Io2geNE","ah, a year with ms rona...","ah, a year with ms rona...","Elena Valerio","https://yt3.ggpht.com/ytc/AKedOLR1kv-mHhwRu-7RRo2t6h9Jy7xS_K_no87e9BRubw=s48-c-k-c0x00ffffff-no-rj","http://www.youtube.com/channel/UCEEvFRHjX1A4e8MYo1UFQhQ","UCEEvFRHjX1A4e8MYo1UFQhQ","TRUE","none","1","2021-03-13T22:31:42Z","2021-03-13T22:31:42Z"
"19","D9s0Io2geNE","Who is here 1 year later?","Who is here 1 year later?","Josh","https://yt3.ggpht.com/8Rs8dOiGAxaGEE8RjGsAcQXEv7eV_5_xa7YFw3fwou5kZ9tUW-6SspmADbkmBhB-swbyxdyi=s48-c-k-c0x00ffffff-no-rj","http://www.youtube.com/channel/UCeWSiFT9jdOvvZakl1KA5vw","UCeWSiFT9jdOvvZakl1KA5vw","TRUE","none","4","2021-03-13T16:32:51Z","2021-03-13T16:32:51Z"
"20","D9s0Io2geNE","And they keep saying Biden can&#39;t speak.","And they keep saying Biden can't speak.","Joseph","https://yt3.ggpht.com/ytc/AKedOLSKNKIcY_FVnk2p7IPNLbF6LxrUxnVydOgFaQ=s48-c-k-c0x00ffffff-no-rj","http://www.youtube.com/channel/UC2f8pXAgS0wEOahavtvijlA","UC2f8pXAgS0wEOahavtvijlA","TRUE","none","3","2021-02-03T21:52:33Z","2021-02-03T21:52:33Z"
"21","D9s0Io2geNE","Trump&#39;s best POTUS in history! That&#39;s why fake news attacks!","Trump's best POTUS in history! That's why fake news attacks!","Jeremy Thomas","https://yt3.ggpht.com/ytc/AKedOLR3PpgjCAxUwbVi7U694gbB9kfLQ2zlASrcGfhxtw=s48-c-k-c0x00ffffff-no-rj","http://www.youtube.com/channel/UCjESfRX3BEMTTRnWIw-rU1Q","UCjESfRX3BEMTTRnWIw-rU1Q","TRUE","none","1","2021-01-14T02:02:42Z","2021-01-14T02:02:42Z"
"22","D9s0Io2geNE","ABC FAKE NEWS!","ABC FAKE NEWS!","Jeremy Thomas","https://yt3.ggpht.com/ytc/AKedOLR3PpgjCAxUwbVi7U694gbB9kfLQ2zlASrcGfhxtw=s48-c-k-c0x00ffffff-no-rj","http://www.youtube.com/channel/UCjESfRX3BEMTTRnWIw-rU1Q","UCjESfRX3BEMTTRnWIw-rU1Q","TRUE","none","1","2021-01-14T01:58:45Z","2021-01-14T01:58:45Z"
"23","D9s0Io2geNE","The Dems are likely to promote unrest  and even the use of guns to cause chaos, like last summer&#39;s riots in cities across the nation, so as to revoke the Second  Amendment to remove citizen&#39;s right to own guns.","The Dems are likely to promote unrest  and even the use of guns to cause chaos, like last summer's riots in cities across the nation, so as to revoke the Second  Amendment to remove citizen's right to own guns.","Wolf Walker","https://yt3.ggpht.com/ytc/AKedOLQp815Vmw1Atx04Bi51MGCJfmJEEhTi0dJd7g=s48-c-k-c0x00ffffff-no-rj","http://www.youtube.com/channel/UC1ZpGqTvSNii6lJIh-vCG4A","UC1ZpGqTvSNii6lJIh-vCG4A","TRUE","none","1","2021-01-12T19:45:10Z","2021-01-12T19:45:10Z"
"24","D9s0Io2geNE","At the top of the world&#39;s CoVid-19 virus epidemic prevention is a paradise (Taiwan) that foreigners want to enter. It is also a place where presidents and leaders and CEOs of the world will take refuge. It is a clean land for mankind to cherish, and it is also the safest place in the world..","At the top of the world's CoVid-19 virus epidemic prevention is a paradise (Taiwan) that foreigners want to enter. It is also a place where presidents and leaders and CEOs of the world will take refuge. It is a clean land for mankind to cherish, and it is also the safest place in the world..","Sai Lin","https://yt3.ggpht.com/ytc/AKedOLQAmEp9DFGmlAHGuJeOy1DWC7Av7MCEJQbD4Q=s48-c-k-c0x00ffffff-no-rj","http://www.youtube.com/channel/UClg-RerT0a6emYBDbmuaq2A","UClg-RerT0a6emYBDbmuaq2A","TRUE","none","0","2020-12-30T14:46:35Z","2020-12-30T14:46:35Z"
"25","D9s0Io2geNE","This day changed everyones life","This day changed everyones life","Angelo","https://yt3.ggpht.com/ytc/AKedOLTVFHoY01gjvjSpL4bZaefzqYZbmFzbte9tV6nrjg=s48-c-k-c0x00ffffff-no-rj","http://www.youtube.com/channel/UCfKjGk6PVOoY-rNSLoTrR-g","UCfKjGk6PVOoY-rNSLoTrR-g","TRUE","none","21","2020-12-04T19:47:34Z","2020-12-04T19:47:34Z"
"26","D9s0Io2geNE","the day life as we know it ended.","the day life as we know it ended.","Oddsie","https://yt3.ggpht.com/ytc/AKedOLRQS14q9WX7kmZtl2msZL0d4mByW4of0Dl57RLx_Q=s48-c-k-c0x00ffffff-no-rj","http://www.youtube.com/channel/UCRIMa_zK3166c4qG053MghQ","UCRIMa_zK3166c4qG053MghQ","TRUE","none","3","2020-12-03T06:30:08Z","2020-12-03T06:30:08Z"
"27","D9s0Io2geNE","the fact that this was 7 months ago god damn","the fact that this was 7 months ago god damn","act","https://yt3.ggpht.com/vputW0Wi-eEfKm5Wxo3FB9HClVFuJTI51dTyfIGrhKWazLldQFV3jf0VV0yTz488uwq8x4tUYPA=s48-c-k-c0x00ffffff-no-rj","http://www.youtube.com/channel/UCHo_f7yHGAg1YHa7RkXTZrA","UCHo_f7yHGAg1YHa7RkXTZrA","TRUE","none","4","2020-11-13T00:34:53Z","2020-11-13T00:34:53Z"
"28","D9s0Io2geNE","And with this, the 2010s really were over.","And with this, the 2010s really were over.","Neon Bite","https://yt3.ggpht.com/ytc/AKedOLTY9UPxivimb_fayHI_RtSXsm8jPyJvFqaVpGNcmA=s48-c-k-c0x00ffffff-no-rj","http://www.youtube.com/channel/UCCurGNpAiR7K-7m5ybJ8jbg","UCCurGNpAiR7K-7m5ybJ8jbg","TRUE","none","38","2020-11-11T02:48:16Z","2020-11-11T02:48:16Z"
"29","D9s0Io2geNE","If your pastors saying God sent trump...ask him where in revelations he sees that..they select them..u dont elect them<br><a href=""https://youtu.be/hZr1VFWbap4"">https://youtu.be/hZr1VFWbap4</a>","If your pastors saying God sent trump...ask him where in revelations he sees that..they select them..u dont elect them
https://youtu.be/hZr1VFWbap4","Bryan from Buffalo Brian frumps","https://yt3.ggpht.com/U8gJOvpCC0LDyVJuww4cx6vpV8HPi7amSXNvofoymAmCG25rNozHXPTlzNd4gSr-eRdYBt3e=s48-c-k-c0x00ffffff-no-rj","http://www.youtube.com/channel/UCop7vx7GbWqkqcGDT7Mw5HQ","UCop7vx7GbWqkqcGDT7Mw5HQ","TRUE","none","1","2020-11-02T16:03:43Z","2020-11-02T16:03:43Z"
"30","D9s0Io2geNE","They are two very big words morons. The meaning of them! Not the actual length of the words. Jesus how stupid can you be <U+0001F923>","They are two very big words morons. The meaning of them! Not the actual length of the words. Jesus how stupid can you be <U+0001F923>","John Conger","https://yt3.ggpht.com/ytc/AKedOLScvy99oCMlypA3Y1z3NZs1EJ7F3855GwUpXvHnig=s48-c-k-c0x00ffffff-no-rj","http://www.youtube.com/channel/UCKW5sOQZ_iMvC3KrAerR8pA","UCKW5sOQZ_iMvC3KrAerR8pA","TRUE","none","0","2020-11-02T15:51:53Z","2020-11-02T15:51:53Z"
"31","D9s0Io2geNE","Trump keep attacking them look what they have caused other people are going without the treatment and dieing with no family","Trump keep attacking them look what they have caused other people are going without the treatment and dieing with no family","Clarissa Pacey","https://yt3.ggpht.com/ytc/AKedOLQZ3nbGgcf42HjIeodQ-hPfI-8pITMBLd_TzA=s48-c-k-c0x00ffffff-no-rj","http://www.youtube.com/channel/UCXG1ErpZgyITLN3KQwsrsvg","UCXG1ErpZgyITLN3KQwsrsvg","TRUE","none","0","2020-10-31T19:53:16Z","2020-10-31T19:53:16Z"
"32","D9s0Io2geNE","Trump keep exposing these wicked people we are sick of hearing about Corona put Bill Gates Fauci in prison and bills wife monsters","Trump keep exposing these wicked people we are sick of hearing about Corona put Bill Gates Fauci in prison and bills wife monsters","Clarissa Pacey","https://yt3.ggpht.com/ytc/AKedOLQZ3nbGgcf42HjIeodQ-hPfI-8pITMBLd_TzA=s48-c-k-c0x00ffffff-no-rj","http://www.youtube.com/channel/UCXG1ErpZgyITLN3KQwsrsvg","UCXG1ErpZgyITLN3KQwsrsvg","TRUE","none","0","2020-10-31T19:51:11Z","2020-10-31T19:51:11Z"
"33","D9s0Io2geNE","Bla - Bla - Bla...  can&#39;t wait to get rid of this guy!","Bla - Bla - Bla...  can't wait to get rid of this guy!","Michael Riches","https://yt3.ggpht.com/ytc/AKedOLRkZmwEQMfYid_ql6SoQd-PFm7EER-HVwosfc2lqQ=s48-c-k-c0x00ffffff-no-rj","http://www.youtube.com/channel/UC_oORwovpOlVvvfrxtDNOWQ","UC_oORwovpOlVvvfrxtDNOWQ","TRUE","none","0","2020-10-19T15:45:43Z","2020-10-19T15:45:43Z"
"34","D9s0Io2geNE","National emergency for funds to build a wall but you won&#39;t mandate mask nationwide?  Why?","National emergency for funds to build a wall but you won't mandate mask nationwide?  Why?","Michael Riches","https://yt3.ggpht.com/ytc/AKedOLRkZmwEQMfYid_ql6SoQd-PFm7EER-HVwosfc2lqQ=s48-c-k-c0x00ffffff-no-rj","http://www.youtube.com/channel/UC_oORwovpOlVvvfrxtDNOWQ","UC_oORwovpOlVvvfrxtDNOWQ","TRUE","none","0","2020-10-19T15:44:52Z","2020-10-19T15:44:52Z"
"35","D9s0Io2geNE","Steve Bannon gets busted for ripping of donations for the wall &amp; then you turn around and declare a national emergency!   What happened lately differently that is now a national emergency?  Is there aliens from outer space?   Unbelievable.  Your dangerous Mr. President!","Steve Bannon gets busted for ripping of donations for the wall & then you turn around and declare a national emergency!   What happened lately differently that is now a national emergency?  Is there aliens from outer space?   Unbelievable.  Your dangerous Mr. President!","Michael Riches","https://yt3.ggpht.com/ytc/AKedOLRkZmwEQMfYid_ql6SoQd-PFm7EER-HVwosfc2lqQ=s48-c-k-c0x00ffffff-no-rj","http://www.youtube.com/channel/UC_oORwovpOlVvvfrxtDNOWQ","UC_oORwovpOlVvvfrxtDNOWQ","TRUE","none","0","2020-10-19T15:43:08Z","2020-10-19T15:43:08Z"
"36","D9s0Io2geNE","Remember it wasn&#39;t Trump that did it it was his White Supremacy Republicans to do it for him Trump is just there puppet","Remember it wasn't Trump that did it it was his White Supremacy Republicans to do it for him Trump is just there puppet","Brenda Dkat adventure channel","https://yt3.ggpht.com/ytc/AKedOLSKxOAKJbZIeZocKYycqyv7V6HfSAVhl0uScPJZGQ=s48-c-k-c0x00ffffff-no-rj","http://www.youtube.com/channel/UC6WHDa8JOxGHFfC52Coc2XA","UC6WHDa8JOxGHFfC52Coc2XA","TRUE","none","1","2020-10-10T01:31:23Z","2020-10-10T01:31:23Z"
"37","D9s0Io2geNE","So wen do u guys think it would be lifted?? I say 2022","So wen do u guys think it would be lifted?? I say 2022","slapshot68","https://yt3.ggpht.com/ytc/AKedOLRwtF5OWpsnO3o5vVHFR7zkmkbYESxIUSH2f9dV=s48-c-k-c0x00ffffff-no-rj","http://www.youtube.com/channel/UCWCbms_u3CaE8OlLIFOdbjQ","UCWCbms_u3CaE8OlLIFOdbjQ","TRUE","none","0","2020-10-03T21:55:43Z","2020-10-03T21:55:43Z"
"38","D9s0Io2geNE","FEMA has been in control since this day. He&#39;s telling you that he is no longer Potus and our Constitution is obsolete.","FEMA has been in control since this day. He's telling you that he is no longer Potus and our Constitution is obsolete.","Jomo Guera","https://yt3.ggpht.com/ytc/AKedOLTnzjaoH1gZ9JRTKQ8GOj26jXF2uyLBHdXQwcGe=s48-c-k-c0x00ffffff-no-rj","http://www.youtube.com/channel/UCVjb3Ks6g-qFNFN1X5m-gtQ","UCVjb3Ks6g-qFNFN1X5m-gtQ","TRUE","none","5","2020-09-17T01:32:59Z","2020-09-17T01:32:59Z"
"39","D9s0Io2geNE","this man has no idea what hes saying<U+0001F590><U+0001F62D>","this man has no idea what hes saying<U+0001F590><U+0001F62D>","natalie hayden","https://yt3.ggpht.com/ytc/AKedOLTPvt9YebX1im6Ss3JohLfpEFf2SrMbkmSpoLKU=s48-c-k-c0x00ffffff-no-rj","http://www.youtube.com/channel/UC500rV9Vy6eBbK0H50wRv0Q","UC500rV9Vy6eBbK0H50wRv0Q","TRUE","none","0","2020-09-14T02:20:29Z","2020-09-14T02:20:29Z"
"40","D9s0Io2geNE","To everyone who was commenting about his breathing...obviously it wasn’t Covid. I guess none of you has or knows anyone with ALLERGIES?! It was spring, after all!","To everyone who was commenting about his breathing...obviously it wasn’t Covid. I guess none of you has or knows anyone with ALLERGIES?! It was spring, after all!","Nancy T","https://yt3.ggpht.com/ytc/AKedOLTTJkcUwssOpatUcUgZLn_YWTs4fvcdmyxvOgNz_g=s48-c-k-c0x00ffffff-no-rj","http://www.youtube.com/channel/UCR0Fc_LFLxxYpBImOTljGYA","UCR0Fc_LFLxxYpBImOTljGYA","TRUE","none","0","2020-08-25T00:07:33Z","2020-08-25T00:07:33Z"
"41","D9s0Io2geNE","You can end it already you know it’s a hoax. Free the people trump","You can end it already you know it’s a hoax. Free the people trump","Mark K","https://yt3.ggpht.com/ytc/AKedOLTIpwopUCSrhN2udQGlzjVfNS51-RTQK9sCYQ=s48-c-k-c0x00ffffff-no-rj","http://www.youtube.com/channel/UCdDJ7cMxcUVA12MPtBYIutA","UCdDJ7cMxcUVA12MPtBYIutA","TRUE","none","0","2020-08-16T18:21:47Z","2020-08-16T18:21:47Z"
"42","D9s0Io2geNE","The USA is doing the worst nation wide all because of Trump.","The USA is doing the worst nation wide all because of Trump.","Burr Anderson","https://yt3.ggpht.com/ytc/AKedOLSvkT2LxywvFYnWfyJ1-5jxH3LS3ZXhL8Y4KeVgKg=s48-c-k-c0x00ffffff-no-rj","http://www.youtube.com/channel/UC1HUFxJnBmGi5L6_xMEspMA","UC1HUFxJnBmGi5L6_xMEspMA","TRUE","none","0","2020-08-02T15:06:43Z","2020-08-02T15:06:43Z"
"43","D9s0Io2geNE","Them puts!","Them puts!","Jorge Horna","https://yt3.ggpht.com/ytc/AKedOLTN5VP7zOfP4yf-m-L4W57DAwfqzGZyp4AEfRtjNA=s48-c-k-c0x00ffffff-no-rj","http://www.youtube.com/channel/UC4JPqXwI6L_I_d62MgCq5-w","UC4JPqXwI6L_I_d62MgCq5-w","TRUE","none","0","2020-07-30T09:23:57Z","2020-07-30T09:23:57Z"
"44","D9s0Io2geNE","4 Months later ,now Trump knows what a real national emergency is. After 3 1/2yrs of manufacturing &quot;emergencies&quot;","4 Months later ,now Trump knows what a real national emergency is. After 3 1/2yrs of manufacturing ""emergencies""","Anna R","https://yt3.ggpht.com/ytc/AKedOLRls4ZT_9r19l6Av97LeYtZzLcqC5c9VNbuLw=s48-c-k-c0x00ffffff-no-rj","http://www.youtube.com/channel/UCsl8OBmcFrmpPXSqQJthXKQ","UCsl8OBmcFrmpPXSqQJthXKQ","TRUE","none","0","2020-07-17T17:34:57Z","2020-07-17T17:34:57Z"
"45","D9s0Io2geNE","Wow it has been 3 months <U+0001F633>","Wow it has been 3 months <U+0001F633>","sophia","https://yt3.ggpht.com/ytc/AKedOLTUHrviImLElu0_sXSlKtbbl3ZaxR7DOfhhF5ourA=s48-c-k-c0x00ffffff-no-rj","http://www.youtube.com/channel/UC2OWis6Jfcuvam9s4pIXs2w","UC2OWis6Jfcuvam9s4pIXs2w","TRUE","none","1","2020-07-02T09:11:07Z","2020-07-02T09:11:07Z"
"46","D9s0Io2geNE","He sounds like he’s trying to read out his part of the textbook in class and absolutely dying inside","He sounds like he’s trying to read out his part of the textbook in class and absolutely dying inside","kittycatmeows","https://yt3.ggpht.com/ytc/AKedOLRjeVeK7QAOt8j_PglYjs_Y5JuuPxLeJoUDT_PACg=s48-c-k-c0x00ffffff-no-rj","http://www.youtube.com/channel/UCnfYUsfpQtMkyVdYihva9UA","UCnfYUsfpQtMkyVdYihva9UA","TRUE","none","5","2020-06-21T00:28:23Z","2020-06-21T00:28:23Z"
"47","D9s0Io2geNE","Civilservices4sure,  Indian polity, <br>National Emergency,,<U+0930><U+093E><U+0937><U+094D><U+091F><U+094D><U+0930><U+0940><U+092F> <U+0906><U+092A><U+093E><U+0924><U+0915><U+093E><U+0932><br><a href=""https://youtu.be/YC54x-6I9VY"">https://youtu.be/YC54x-6I9VY</a>","Civilservices4sure,  Indian polity, 
National Emergency,,<U+0930><U+093E><U+0937><U+094D><U+091F><U+094D><U+0930><U+0940><U+092F> <U+0906><U+092A><U+093E><U+0924><U+0915><U+093E><U+0932>
https://youtu.be/YC54x-6I9VY","Rajput","https://yt3.ggpht.com/HHV8nvdgofJ1EyMLARIVagdCMOYMwjxbLJPkmK8kpj1_fNJwyr8DSAj2Xc8qTN-38GxOiWm99w=s48-c-k-c0x00ffffff-no-rj","http://www.youtube.com/channel/UC4cRmyAfgc8iT3L9oETN9Dw","UC4cRmyAfgc8iT3L9oETN9Dw","TRUE","none","0","2020-06-10T14:32:59Z","2020-06-10T14:32:59Z"
"48","D9s0Io2geNE","Better late than never or so they say","Better late than never or so they say","Avesta Alamgiralam","https://yt3.ggpht.com/ytc/AKedOLQtgJorldddrafAdbvTRGmXyK_DpxWhdkEvjg=s48-c-k-c0x00ffffff-no-rj","http://www.youtube.com/channel/UCRUXj4usdPXtG95C_Ey9RmA","UCRUXj4usdPXtG95C_Ey9RmA","TRUE","none","0","2020-06-07T09:52:17Z","2020-06-07T09:52:17Z"
"49","D9s0Io2geNE","TRUMP NEEDS TO DECARE MARTIAL LAW IN MINNESOTA.YES TRUMP HAS EVERY RIGHT TO DO SO AND GET RID OF THOSE LITTLE PUNK PROTESTERS.","TRUMP NEEDS TO DECARE MARTIAL LAW IN MINNESOTA.YES TRUMP HAS EVERY RIGHT TO DO SO AND GET RID OF THOSE LITTLE PUNK PROTESTERS.","MrCougarclub","https://yt3.ggpht.com/ytc/AKedOLQjQgXQ3IJr1yCqFfFJ1D3bnOD81-aajM-6yQ=s48-c-k-c0x00ffffff-no-rj","http://www.youtube.com/channel/UCvEOKnvsHtzDd_0BjVVbfEg","UCvEOKnvsHtzDd_0BjVVbfEg","TRUE","none","0","2020-05-31T17:23:03Z","2020-05-31T17:23:03Z"
"50","D9s0Io2geNE","<a href=""https://www.youtube.com/watch?v=D9s0Io2geNE&amp;t=3m00s"">3:00</a> Scary Part","3:00 Scary Part","AmericnJack","https://yt3.ggpht.com/qo-GU7e5eog_dMRBEoDfMNlDfn0akJXgLUDfZNmL2ntBKR0QnXAJRNqezcgmm9aBFASMfa5blw=s48-c-k-c0x00ffffff-no-rj","http://www.youtube.com/channel/UCLHHmY4ZgCYoVaeUuySOaFQ","UCLHHmY4ZgCYoVaeUuySOaFQ","TRUE","none","18","2020-05-29T04:46:47Z","2020-05-29T04:46:47Z"
"51","D9s0Io2geNE","nobody can judge only God","nobody can judge only God","Armenia Jones","https://yt3.ggpht.com/ytc/AKedOLTAIgyrezYS142MExUe1Nw70S8n8DEzJo-Akg=s48-c-k-c0x00ffffff-no-rj","http://www.youtube.com/channel/UC-7y_Q8_eSln6hJ4wHayYQg","UC-7y_Q8_eSln6hJ4wHayYQg","TRUE","none","0","2020-05-18T12:23:07Z","2020-05-18T12:23:07Z"
"52","D9s0Io2geNE","This  not the time","This  not the time","Armenia Jones","https://yt3.ggpht.com/ytc/AKedOLTAIgyrezYS142MExUe1Nw70S8n8DEzJo-Akg=s48-c-k-c0x00ffffff-no-rj","http://www.youtube.com/channel/UC-7y_Q8_eSln6hJ4wHayYQg","UC-7y_Q8_eSln6hJ4wHayYQg","TRUE","none","0","2020-05-18T12:22:47Z","2020-05-18T12:22:47Z"
"53","D9s0Io2geNE","The president is a human being","The president is a human being","Armenia Jones","https://yt3.ggpht.com/ytc/AKedOLTAIgyrezYS142MExUe1Nw70S8n8DEzJo-Akg=s48-c-k-c0x00ffffff-no-rj","http://www.youtube.com/channel/UC-7y_Q8_eSln6hJ4wHayYQg","UC-7y_Q8_eSln6hJ4wHayYQg","TRUE","none","0","2020-05-18T12:22:20Z","2020-05-18T12:22:20Z"
"54","D9s0Io2geNE","Leave  him alone.","Leave  him alone.","Armenia Jones","https://yt3.ggpht.com/ytc/AKedOLTAIgyrezYS142MExUe1Nw70S8n8DEzJo-Akg=s48-c-k-c0x00ffffff-no-rj","http://www.youtube.com/channel/UC-7y_Q8_eSln6hJ4wHayYQg","UC-7y_Q8_eSln6hJ4wHayYQg","TRUE","none","0","2020-05-18T12:22:05Z","2020-05-18T12:22:05Z"
"55","D9s0Io2geNE","Be kind be humble     <br>You people keep your comments","Be kind be humble     
You people keep your comments","Armenia Jones","https://yt3.ggpht.com/ytc/AKedOLTAIgyrezYS142MExUe1Nw70S8n8DEzJo-Akg=s48-c-k-c0x00ffffff-no-rj","http://www.youtube.com/channel/UC-7y_Q8_eSln6hJ4wHayYQg","UC-7y_Q8_eSln6hJ4wHayYQg","TRUE","none","0","2020-05-18T12:21:48Z","2020-05-18T12:21:48Z"
"56","D9s0Io2geNE","Thank  God  first.  <br>For the financial blessing.<br>And thank you to mr.President","Thank  God  first.  
For the financial blessing.
And thank you to mr.President","Armenia Jones","https://yt3.ggpht.com/ytc/AKedOLTAIgyrezYS142MExUe1Nw70S8n8DEzJo-Akg=s48-c-k-c0x00ffffff-no-rj","http://www.youtube.com/channel/UC-7y_Q8_eSln6hJ4wHayYQg","UC-7y_Q8_eSln6hJ4wHayYQg","TRUE","none","0","2020-05-18T12:21:05Z","2020-05-18T12:21:05Z"
"57","D9s0Io2geNE","I am so glad i got in touch with expeditetools,com .They helped me financially with a transfer of $22,000 .","I am so glad i got in touch with expeditetools,com .They helped me financially with a transfer of $22,000 .","Joe Terry","https://yt3.ggpht.com/ytc/AKedOLRc_hB5SV7n8ViCO1JdBXzw0_XDPTYM2ET3t-At=s48-c-k-c0x00ffffff-no-rj","http://www.youtube.com/channel/UCnEMlHIV1Ct_tUlVOhm5-Xw","UCnEMlHIV1Ct_tUlVOhm5-Xw","TRUE","none","0","2020-05-12T21:15:48Z","2020-05-12T21:15:48Z"
"58","D9s0Io2geNE","Expeditetools,com helped me out financially .They got me a transfer of $35,000 directly to my bank account .","Expeditetools,com helped me out financially .They got me a transfer of $35,000 directly to my bank account .","Ed Daggett","https://yt3.ggpht.com/ytc/AKedOLQqgm4t9kmluvaTYLNm2mrGFpsbvvo_GjpLxw=s48-c-k-c0x00ffffff-no-rj","http://www.youtube.com/channel/UC50Q__K7BGbSlk_v1SW80AQ","UC50Q__K7BGbSlk_v1SW80AQ","TRUE","none","0","2020-05-12T20:09:31Z","2020-05-12T20:09:31Z"
"59","D9s0Io2geNE","H1N1                     = 60.8 Million infected                 12,500 deaths<br>19-nCOV               =   1.3 Million infected                  79,700 deaths<br><br>First H1N1 case - 9 March 2009 La Gloria, Mexico              - OBAMA&#39;S CDC activates EOC  on 22 April  2009                                                               = 43 days to act  <br>First 19-nCOV case - 31 Dec 2019 Wuhan, China                 -TRUMP&#39;S  CDC activates EOC  on 20 January  2020                                                         = 20 days to act<br><br>First H1N1 human-to-human transmission reported           15 April 2009          -CDC hold its 1st press conference 11 June, 2009                           = 56 days to act <br>First 19-nCOV human-to-human transmission reported     15 January 2020    -HHS hold its 1st press conference 28 January, 2020                      = 13 days to act <br><br>First H1N1 first reported case in the US           15 April 2009          - President OBAMA declares National Emergency  24 October 2020                 = 189 days to act <br>First 19-nCOV first reported case in the US     20 January 2020    - President TRUMP declares National Emergency  13 March 2020                     =  73 days to act <br><br>The World Health Organization (WHO) declares a pandemic of H1N1 on            11 June 2009                                                                                       =  56 days to act <br>The World Health Organization (WHO) declares a pandemic of 19-nCOV on      11 March 2020                                                                                     =  56 days to act","H1N1                     = 60.8 Million infected                 12,500 deaths
19-nCOV               =   1.3 Million infected                  79,700 deaths

First H1N1 case - 9 March 2009 La Gloria, Mexico              - OBAMA'S CDC activates EOC  on 22 April  2009                                                               = 43 days to act  
First 19-nCOV case - 31 Dec 2019 Wuhan, China                 -TRUMP'S  CDC activates EOC  on 20 January  2020                                                         = 20 days to act

First H1N1 human-to-human transmission reported           15 April 2009          -CDC hold its 1st press conference 11 June, 2009                           = 56 days to act 
First 19-nCOV human-to-human transmission reported     15 January 2020    -HHS hold its 1st press conference 28 January, 2020                      = 13 days to act 

First H1N1 first reported case in the US           15 April 2009          - President OBAMA declares National Emergency  24 October 2020                 = 189 days to act 
First 19-nCOV first reported case in the US     20 January 2020    - President TRUMP declares National Emergency  13 March 2020                     =  73 days to act 

The World Health Organization (WHO) declares a pandemic of H1N1 on            11 June 2009                                                                                       =  56 days to act 
The World Health Organization (WHO) declares a pandemic of 19-nCOV on      11 March 2020                                                                                     =  56 days to act","Enemy Nation","https://yt3.ggpht.com/ytc/AKedOLT7mfQvtckIyDT_gxswmgFATr1ssXjTYbg3k8YX=s48-c-k-c0x00ffffff-no-rj","http://www.youtube.com/channel/UC8pRMk6J3F9oaHbTF0t-3JA","UC8pRMk6J3F9oaHbTF0t-3JA","TRUE","none","0","2020-05-10T05:31:17Z","2020-05-10T05:31:17Z"
"60","D9s0Io2geNE","Did the president JUST give up his PRESIDENCY!!!","Did the president JUST give up his PRESIDENCY!!!","Doretha Hinton","https://yt3.ggpht.com/ytc/AKedOLQXeRZPKO6ZhvzWkk9QFf-nSShg4UDczN8jIoDHfQ=s48-c-k-c0x00ffffff-no-rj","http://www.youtube.com/channel/UCe0h1UTZE-PR5QgQxTquwiQ","UCe0h1UTZE-PR5QgQxTquwiQ","TRUE","none","1","2020-04-30T18:51:33Z","2020-04-30T18:51:33Z"
"61","D9s0Io2geNE","He just said he&#39;s waiving laws and obstacles that protect us Just so &quot;hospitals&quot; can do what they need to. Which means all those laws they (any official) will continue to break from Here on out","He just said he's waiving laws and obstacles that protect us Just so ""hospitals"" can do what they need to. Which means all those laws they (any official) will continue to break from Here on out","pat magroyn","https://yt3.ggpht.com/ytc/AKedOLRTkcxHZ1rEewL4dnk1lcPDL1SzmTKCMyTZBg=s48-c-k-c0x00ffffff-no-rj","http://www.youtube.com/channel/UC0ijJspCjLl5NgL1_bPmckg","UC0ijJspCjLl5NgL1_bPmckg","TRUE","none","0","2020-04-30T14:57:48Z","2020-04-30T14:57:48Z"
"62","D9s0Io2geNE","This means fema got control now yikes","This means fema got control now yikes","pat magroyn","https://yt3.ggpht.com/ytc/AKedOLRTkcxHZ1rEewL4dnk1lcPDL1SzmTKCMyTZBg=s48-c-k-c0x00ffffff-no-rj","http://www.youtube.com/channel/UC0ijJspCjLl5NgL1_bPmckg","UC0ijJspCjLl5NgL1_bPmckg","TRUE","none","0","2020-04-30T14:50:30Z","2020-04-30T14:50:30Z"
"63","D9s0Io2geNE","Where the hell are their masks and why aren’t they social distancing?  We are being played here people!!!","Where the hell are their masks and why aren’t they social distancing?  We are being played here people!!!","Aassaass Lamas","https://yt3.ggpht.com/ytc/AKedOLQFiXfSa7QTA7Wur9FoK5Pvr6Rfe2BRwbfPPA=s48-c-k-c0x00ffffff-no-rj","http://www.youtube.com/channel/UCnAE10GVAN6jg8KE6pCoklw","UCnAE10GVAN6jg8KE6pCoklw","TRUE","none","0","2020-04-30T09:11:26Z","2020-04-30T09:11:26Z"
"64","D9s0Io2geNE","If he signed the Declaration does that mean FEMA has control of the United States","If he signed the Declaration does that mean FEMA has control of the United States","William Maxwell","https://yt3.ggpht.com/ytc/AKedOLTQZCeDPTQWWIOyfafkIvPpF85qnXFH0_EJta6O=s48-c-k-c0x00ffffff-no-rj","http://www.youtube.com/channel/UC5Cq-34LE0WvuNVhmXS9ylw","UC5Cq-34LE0WvuNVhmXS9ylw","TRUE","none","1","2020-04-29T02:36:39Z","2020-04-29T02:36:39Z"
"65","D9s0Io2geNE","He just gave us all and our country over to FEMA <U+0001F633><U+0001F624><U+0001F61F><U+0001F631><br>The &quot;old and obsolete rules&quot; are the Constitution!!!! Stay vigilant","He just gave us all and our country over to FEMA <U+0001F633><U+0001F624><U+0001F61F><U+0001F631>
The ""old and obsolete rules"" are the Constitution!!!! Stay vigilant","Shell Mari","https://yt3.ggpht.com/ytc/AKedOLTJsYCsTdtZ5Erx4IlahVm2P3vqWgvp4cMnXw=s48-c-k-c0x00ffffff-no-rj","http://www.youtube.com/channel/UCJSbAvkVoVXiqOfuAPBGkyA","UCJSbAvkVoVXiqOfuAPBGkyA","TRUE","none","1","2020-04-26T22:04:48Z","2020-04-26T22:04:48Z"
"66","D9s0Io2geNE","THIS IS A FAKED PLANNEDEMIIC.  ENHANCED WITH 5G.  5G IS ABLE TO TAKE AWAY OUR OXYGEN.","THIS IS A FAKED PLANNEDEMIIC.  ENHANCED WITH 5G.  5G IS ABLE TO TAKE AWAY OUR OXYGEN.","Dolores Dryden","https://yt3.ggpht.com/ytc/AKedOLQIdbw6ehJR7Gz735J_YkdCoQv2Nf4BdQxU5wWzgQ=s48-c-k-c0x00ffffff-no-rj","http://www.youtube.com/channel/UC9ZGJstjFjxnnOS24-9Q7lg","UC9ZGJstjFjxnnOS24-9Q7lg","TRUE","none","1","2020-04-18T14:43:47Z","2020-04-18T14:43:47Z"
"67","D9s0Io2geNE","Trumps sounds like he was beaten.","Trumps sounds like he was beaten.","TheTruth!","https://yt3.ggpht.com/ytc/AKedOLQHeaT2Hn2aP-Z9z1_OgvcnlJ45lUtO9t_5UhZe=s48-c-k-c0x00ffffff-no-rj","http://www.youtube.com/channel/UCKNNsEo4qmFiXv5iE7Qj3Tg","UCKNNsEo4qmFiXv5iE7Qj3Tg","TRUE","none","0","2020-04-17T00:52:46Z","2020-04-17T00:52:46Z"
"68","D9s0Io2geNE","Anyone else get a really evil vibe from the guys standing behind mr trump?","Anyone else get a really evil vibe from the guys standing behind mr trump?","RRP","https://yt3.ggpht.com/ypYfWLyYvGJKjcG5fk6hmIeZUukJuPxclY2J_6OzITd3zvnTtEcdQqCxfa0QjREHFsjcPZlqtg=s48-c-k-c0x00ffffff-no-rj","http://www.youtube.com/channel/UCeqTvDBzWBqiFVjxZ1hmXNA","UCeqTvDBzWBqiFVjxZ1hmXNA","TRUE","none","0","2020-04-14T03:23:43Z","2020-04-14T03:23:43Z"
"69","D9s0Io2geNE","TOOOOOOO MUCH Orange makeup, tone it down a bit, please somebody tell him, don&#39;t be afraid!!!","TOOOOOOO MUCH Orange makeup, tone it down a bit, please somebody tell him, don't be afraid!!!","May Mont","https://yt3.ggpht.com/ytc/AKedOLSmvlkoBbO4VzOQgRXhETm35V75tcQ3WQ5fCg=s48-c-k-c0x00ffffff-no-rj","http://www.youtube.com/channel/UCW1wZtzGEuEGPc55K1IQkxg","UCW1wZtzGEuEGPc55K1IQkxg","TRUE","none","0","2020-04-13T02:09:34Z","2020-04-13T02:09:34Z"
"70","D9s0Io2geNE","You are the best president","You are the best president","Caesar Orellana","https://yt3.ggpht.com/ytc/AKedOLTVnno5-_E5_Zf5YrfdkSHu9R2cTa3O1PxhRfG-7w=s48-c-k-c0x00ffffff-no-rj","http://www.youtube.com/channel/UCwaEw31tbB2UVXDghjiTo7g","UCwaEw31tbB2UVXDghjiTo7g","TRUE","none","0","2020-04-12T03:19:43Z","2020-04-12T03:19:43Z"
"71","D9s0Io2geNE","how about now?","how about now?","Bro Bull","https://yt3.ggpht.com/ytc/AKedOLTcy1Z4xvCWS_haqT2uiFfLUWm15M-6x6BTQA=s48-c-k-c0x00ffffff-no-rj","http://www.youtube.com/channel/UCTId3DC2FgOfxwkD8154zQw","UCTId3DC2FgOfxwkD8154zQw","TRUE","none","0","2020-04-03T19:54:01Z","2020-04-03T19:54:01Z"
"72","D9s0Io2geNE","<U+0E0A><U+0E49><U+0E32><U+0E07><U+0E2A><U+0E38><U+0E23><U+0E34><U+0E19><U+0E17><U+0E23><U+0E4C>","<U+0E0A><U+0E49><U+0E32><U+0E07><U+0E2A><U+0E38><U+0E23><U+0E34><U+0E19><U+0E17><U+0E23><U+0E4C>","Manida M","https://yt3.ggpht.com/ytc/AKedOLRkzf9RZcmBjpOhGXYix_9c0ldiQ_dWun0PvQ=s48-c-k-c0x00ffffff-no-rj","http://www.youtube.com/channel/UCBOlUPdMWdNhzZ69-lOxcrA","UCBOlUPdMWdNhzZ69-lOxcrA","TRUE","none","0","2020-04-03T08:16:06Z","2020-04-03T08:16:06Z"
"73","D9s0Io2geNE","Wall street journal news example a few alike may be not","Wall street journal news example a few alike may be not","Manida M","https://yt3.ggpht.com/ytc/AKedOLRkzf9RZcmBjpOhGXYix_9c0ldiQ_dWun0PvQ=s48-c-k-c0x00ffffff-no-rj","http://www.youtube.com/channel/UCBOlUPdMWdNhzZ69-lOxcrA","UCBOlUPdMWdNhzZ69-lOxcrA","TRUE","none","0","2020-04-03T08:15:34Z","2020-04-03T08:15:34Z"
"74","D9s0Io2geNE","I am try to contact the family, see vdo guide, a few words, as songkran come along","I am try to contact the family, see vdo guide, a few words, as songkran come along","Manida M","https://yt3.ggpht.com/ytc/AKedOLRkzf9RZcmBjpOhGXYix_9c0ldiQ_dWun0PvQ=s48-c-k-c0x00ffffff-no-rj","http://www.youtube.com/channel/UCBOlUPdMWdNhzZ69-lOxcrA","UCBOlUPdMWdNhzZ69-lOxcrA","TRUE","none","0","2020-04-03T08:14:31Z","2020-04-03T08:14:31Z"
"75","D9s0Io2geNE","One month ago i heard from donald dump america people don have to worry we  already have a vaccine so what happening here","One month ago i heard from donald dump america people don have to worry we  already have a vaccine so what happening here","Saiful Senu","https://yt3.ggpht.com/ytc/AKedOLTpblWWAO4xlYNSupagzRCbL3iTRdjKa5jyYg=s48-c-k-c0x00ffffff-no-rj","http://www.youtube.com/channel/UC2cCLkLPNb5G4PerEIN7eTg","UC2cCLkLPNb5G4PerEIN7eTg","TRUE","none","0","2020-03-28T04:00:15Z","2020-03-28T04:00:15Z"
"76","D9s0Io2geNE","I just got a emergency alert thingy I live on canada","I just got a emergency alert thingy I live on canada","colour","https://yt3.ggpht.com/Lq82PUlZCVq0--oLuQ0OVB9s5bTYNLSw2flLAmukzyHDy7qJBXElvrPM4HgilSq59N-TSfZCsw=s48-c-k-c0x00ffffff-no-rj","http://www.youtube.com/channel/UCYhlO5T5WF6qY2L5RD4Qr1g","UCYhlO5T5WF6qY2L5RD4Qr1g","TRUE","none","0","2020-03-27T18:24:17Z","2020-03-27T18:24:17Z"
"77","D9s0Io2geNE","We will be in a national emergency for 18 months, let that sink in, until we get a vaccine, the threat remains","We will be in a national emergency for 18 months, let that sink in, until we get a vaccine, the threat remains","slapshot68","https://yt3.ggpht.com/ytc/AKedOLRwtF5OWpsnO3o5vVHFR7zkmkbYESxIUSH2f9dV=s48-c-k-c0x00ffffff-no-rj","http://www.youtube.com/channel/UCWCbms_u3CaE8OlLIFOdbjQ","UCWCbms_u3CaE8OlLIFOdbjQ","TRUE","none","0","2020-03-24T23:27:08Z","2020-03-24T23:27:08Z"
"78","D9s0Io2geNE","Isn&#39;t national emergency about building walls?","Isn't national emergency about building walls?","Kan Ding","https://yt3.ggpht.com/ytc/AKedOLR6MNZJeBeq60RGydS0xzWHFIoJQ2nY5mBW-70Ctg=s48-c-k-c0x00ffffff-no-rj","http://www.youtube.com/channel/UCqrD_uA5JH-w0N9zAnSUMZw","UCqrD_uA5JH-w0N9zAnSUMZw","TRUE","none","0","2020-03-24T16:21:11Z","2020-03-24T16:21:11Z"
"79","D9s0Io2geNE","Trumps over there looking like a cheese puff.<U+0001F602>","Trumps over there looking like a cheese puff.<U+0001F602>","Momma Big","https://yt3.ggpht.com/ytc/AKedOLQmt6x1AqppGM0RqqSAbS5LkKAuB912sTL-WzN5=s48-c-k-c0x00ffffff-no-rj","http://www.youtube.com/channel/UCoR_PoD1jdfE0yCyN29gJiA","UCoR_PoD1jdfE0yCyN29gJiA","TRUE","none","0","2020-03-24T01:36:50Z","2020-03-24T01:36:50Z"
"80","D9s0Io2geNE","People stay home without activity, more sicker than corona virus <br>Trump is stupid bonehead","People stay home without activity, more sicker than corona virus 
Trump is stupid bonehead","better soc","https://yt3.ggpht.com/ytc/AKedOLTMjR-m7DRpI9C81sWWt7bkcy53T5cvWfQkfg=s48-c-k-c0x00ffffff-no-rj","http://www.youtube.com/channel/UCcPrlTGvR6aqJe7t2oA7rrw","UCcPrlTGvR6aqJe7t2oA7rrw","TRUE","none","0","2020-03-23T21:00:34Z","2020-03-23T21:00:34Z"
"81","D9s0Io2geNE","Bunch of anti-American communists commenting here, brainwashed, controlled, full of hate for your country.","Bunch of anti-American communists commenting here, brainwashed, controlled, full of hate for your country.","Rick Crain","https://yt3.ggpht.com/ytc/AKedOLT3gMY8gyzHnpoLHwpdeouQXn8D8crbOeGOFWRexg=s48-c-k-c0x00ffffff-no-rj","http://www.youtube.com/channel/UCSxWIuvPMPzeIk2i46sLHPg","UCSxWIuvPMPzeIk2i46sLHPg","TRUE","none","0","2020-03-22T00:48:45Z","2020-03-22T00:48:45Z"
"82","D9s0Io2geNE","We dont deserve this","We dont deserve this","Jackeline Esparza","https://yt3.ggpht.com/ytc/AKedOLReW6RklPCQpeigfrTlpK_OA-XxDoxLw7MbeA=s48-c-k-c0x00ffffff-no-rj","http://www.youtube.com/channel/UClBA4oJMhNxVJnaFreOqPJg","UClBA4oJMhNxVJnaFreOqPJg","TRUE","none","0","2020-03-21T11:42:50Z","2020-03-21T11:42:50Z"
"83","D9s0Io2geNE","This fool can&#39;t hardly breathe theirs hardly any oxygen going to his brain!","This fool can't hardly breathe theirs hardly any oxygen going to his brain!","Boss Ny","https://yt3.ggpht.com/ytc/AKedOLS0DEaP4qn5nAWglimEvQAezI_AEQx5qPJSOKcMaw=s48-c-k-c0x00ffffff-no-rj","http://www.youtube.com/channel/UCimQaoHNDZef_iccHk2tL5w","UCimQaoHNDZef_iccHk2tL5w","TRUE","none","0","2020-03-20T05:53:30Z","2020-03-20T05:53:30Z"
"84","D9s0Io2geNE","trump sounds like he is having a flu. he is gasping for air, and looks sick. doesnt anyone notice?","trump sounds like he is having a flu. he is gasping for air, and looks sick. doesnt anyone notice?","Andreas Seifert","https://yt3.ggpht.com/ytc/AKedOLRjN6kpox0hpVmhYtJISGLHzXf5GB-Fouz5XTev8g=s48-c-k-c0x00ffffff-no-rj","http://www.youtube.com/channel/UCAX_BArHArYdVjnq1QclSPQ","UCAX_BArHArYdVjnq1QclSPQ","TRUE","none","3","2020-03-20T00:46:38Z","2020-03-20T00:46:38Z"
"85","D9s0Io2geNE","Well to be honest I found the cure for the virus because I had it and I&#39;m cured now just by what I did. So I&#39;m not scared of this virus.","Well to be honest I found the cure for the virus because I had it and I'm cured now just by what I did. So I'm not scared of this virus.","ultragaming","https://yt3.ggpht.com/7hxQxxsgo35Pq8juBUX8gkPNB3KfvX1WbCQUrHpDBhsofYty-ircHEGOfAW5Wx9_o9SK3DAugw=s48-c-k-c0x00ffffff-no-rj","http://www.youtube.com/channel/UCx0ZjXZ4lPnqJV7pqIoiOqA","UCx0ZjXZ4lPnqJV7pqIoiOqA","TRUE","none","0","2020-03-19T00:36:51Z","2020-03-19T00:36:51Z"
"86","D9s0Io2geNE","Listening to trump is like trying to patiently listen to a special ed student talk about their field trip to the zoo.","Listening to trump is like trying to patiently listen to a special ed student talk about their field trip to the zoo.","Gary","https://yt3.ggpht.com/ytc/AKedOLRfriZKsOPTubC0JjvOMaN-qc2e7WM2DdiYOg=s48-c-k-c0x00ffffff-no-rj","http://www.youtube.com/channel/UCm4lgWf_Xm6c5Kf1mWcYgpA","UCm4lgWf_Xm6c5Kf1mWcYgpA","TRUE","none","2","2020-03-18T20:39:52Z","2020-03-18T20:42:32Z"
"87","D9s0Io2geNE","&quot;We&#39;re declaring a national emergency to very big words&quot; ?!??","""We're declaring a national emergency to very big words"" ?!??","Happy Heretic","https://yt3.ggpht.com/ytc/AKedOLQsfYutuwj5L27RzaXDMfttITBX7P1aD95XPImuJQ=s48-c-k-c0x00ffffff-no-rj","http://www.youtube.com/channel/UCIHpSzhYErgjwzvo6OLYIsg","UCIHpSzhYErgjwzvo6OLYIsg","TRUE","none","7","2020-03-18T02:42:14Z","2020-03-18T02:42:14Z"
"88","D9s0Io2geNE","sire i think i have an ansewer,,,,i  repeet ,,,i think","sire i think i have an ansewer,,,,i  repeet ,,,i think","Curut Gheorghe Mihai","https://yt3.ggpht.com/ytc/AKedOLRZa-riaA_Mylx3q0WL3ap9Y58UlK8HqR6NJe4g=s48-c-k-c0x00ffffff-no-rj","http://www.youtube.com/channel/UCGcd3cIzM3MmCerJMoi_sKQ","UCGcd3cIzM3MmCerJMoi_sKQ","TRUE","none","0","2020-03-17T19:41:10Z","2020-03-17T19:41:10Z"
"89","D9s0Io2geNE","We will all be hit from carona its sad but its coming","We will all be hit from carona its sad but its coming","Kevin Damiano","https://yt3.ggpht.com/ytc/AKedOLTsomdnHpEkGs0rQmz-k9HABoRseN4UOyCsxQ=s48-c-k-c0x00ffffff-no-rj","http://www.youtube.com/channel/UCNyK39-L_rSb3zA02G2O7UQ","UCNyK39-L_rSb3zA02G2O7UQ","TRUE","none","0","2020-03-17T10:03:23Z","2020-03-17T10:03:23Z"
"90","D9s0Io2geNE","Sobering information. Blessings to our President, and all.","Sobering information. Blessings to our President, and all.","Cynthia Ann Garman","https://yt3.ggpht.com/ytc/AKedOLS-EhZ3q0dn8-JS1LoUDsDhOhOAAflmgnW_EVwLXg=s48-c-k-c0x00ffffff-no-rj","http://www.youtube.com/channel/UCzmVC7q3ybpVl6wKNzYef0g","UCzmVC7q3ybpVl6wKNzYef0g","TRUE","none","1","2020-03-17T02:28:00Z","2020-03-17T02:28:00Z"
"91","D9s0Io2geNE","Robert T. Stafford Disaster Relief and Emergency Assistance Act, as amended, and Related Authorities as of June 2019<br><br>Cover photo for the document: Robert T. Stafford Disaster Relief and Emergency Assistance Act, as amended, and Related Authorities as of June 2019<br>The Robert T. Stafford Disaster Relief and Emergency Assistance Act (Public Law 100-707), signed into law on November 23, 1988; amended the Disaster Relief Act of 1974 (Public Law 93-288). The Stafford Act constitutes the statutory authority for most Federal disaster response activities especially as they pertain to the Federal Emergency Management Agency (FEMA) and FEMA programs.<br><br>Note: As of December 18, 2015, the definition of Private Nonprofit Facility at section 102(11)(B) includes “broadcasting facilities”. <br><br>Stafford Act, as Amended, and Related Authorities<br>Homeland Security Act, as amended (Emergency Management-related Provisions) FEMA P-592, May 2019<br><br><a href=""https://www.fema.gov/media-library-data/1582133514823-be4368438bd042e3b60f5cec6b377d17/Stafford_June_2019_508.pdf"">https://www.fema.gov/media-library-data/1582133514823-be4368438bd042e3b60f5cec6b377d17/Stafford_June_2019_508.pdf</a>","Robert T. Stafford Disaster Relief and Emergency Assistance Act, as amended, and Related Authorities as of June 2019

Cover photo for the document: Robert T. Stafford Disaster Relief and Emergency Assistance Act, as amended, and Related Authorities as of June 2019
The Robert T. Stafford Disaster Relief and Emergency Assistance Act (Public Law 100-707), signed into law on November 23, 1988; amended the Disaster Relief Act of 1974 (Public Law 93-288). The Stafford Act constitutes the statutory authority for most Federal disaster response activities especially as they pertain to the Federal Emergency Management Agency (FEMA) and FEMA programs.

Note: As of December 18, 2015, the definition of Private Nonprofit Facility at section 102(11)(B) includes “broadcasting facilities”. 

Stafford Act, as Amended, and Related Authorities
Homeland Security Act, as amended (Emergency Management-related Provisions) FEMA P-592, May 2019

https://www.fema.gov/media-library-data/1582133514823-be4368438bd042e3b60f5cec6b377d17/Stafford_June_2019_508.pdf","Steven Osborne","https://yt3.ggpht.com/ytc/AKedOLTPuD9qMZJVBhesP2j8uwVOxTS2Uox69aAnxOAwWQ=s48-c-k-c0x00ffffff-no-rj","http://www.youtube.com/channel/UCL563B_eSZKAyXSjFJuGPOQ","UCL563B_eSZKAyXSjFJuGPOQ","TRUE","none","0","2020-03-16T20:34:23Z","2020-03-16T20:34:23Z"
"92","D9s0Io2geNE","The Links that connect Banking, Human Trafficing and Covid-19:<br><br><br>Logic ask, what are the two things that is happening behind the scenes, via the Coronavirus?  <br><br>The Coronavirus is being pushed on every country in the World as a virus,  to close down daily operations in all cities.<br><br>Now ask yourselves what are the two things World wide in every Country that the Coronavirus would dilute the news coverage of?  <br><br>Are you ready for the two most impacting issue&#39;s that the Coronavirus is masking and distracting the public from?    <br><br>The two event&#39;s  taking place in almost every single Nation , is the disintegration of the Central Banking system and the Arresting the Child Sex Traffickers and high level Pedophiles.<br><br>Nightly infusions of 1.5 Trillion dollars, is devaluation of all World Currencies and the Public figures coming down with the Coronavirus are connected.<br><br> This is a Planned-Demic to hide the World Banking  failures and Child Sex Traifficers Arrest taking place EVERY WHERE,  are you ready for it, because it is coming to America soon,<br><br><br><br><br><br>Bill &amp; Linda Gates Foundation, Event 201 (Coronavirus) October 18, 2019<br><br>“This was a very different kind of exercise compared to a hospital disaster drill,” says Eric Toner, M.D., the exercise’s project director and a senior scholar with the Center for Health Security. “The goal was not to test functional capabilities, but rather to raise awareness of very complicated and difficult policy issues.” Toner, who is CEPAR’s senior adviser and subject matter expert for health security, says, “So, in other words, it is more of an educational tool than a test.”<br><br>Event 201 simulated a global outbreak of coronavirus transmitted from bats to pigs to people, which led to a pandemic of coronavirus associated pulmonary syndrome (CAPS). CAPS is a viral illness that can cause a range of health concerns from mild flu-like symptoms to pneumonia and even hospitalization or death.<br><br>In the exercise, a mock emergency board was convened to respond to the CAPS pandemic and provide recommendations to deal with issues that develop as a result of the outbreak. The mock board was composed of representatives from various organizations, including the U.S. and China Centers for Disease Control and Prevention, United Nations Foundation, as well as professionals from the airline, hotel and media industries.<br><br><br><br><a href=""https://www.hopkins-cepar.org/on-alert/two-different-drills-with-two-different-goals"">https://www.hopkins-cepar.org/on-alert/two-different-drills-with-two-different-goals</a><br><br><br><br><br><br>Combating Human Trafficking and Online Child Exploitation in the United States<br>By the authority vested in me as President by the Constitution and the laws of the United States of America, including the Trafficking Victims Protection Act, 22 U.S.C. 7101 et seq., it is hereby ordered as follows:<br><br>Section 1. Policy. Human trafficking is a form of modern slavery. Throughout the United States and around the world, human trafficking tears apart communities, fuels criminal activity, and threatens the national security of the United States. It is estimated that millions of individuals are trafficked around the world each year—including into and within the United States. As the United States continues to lead the global fight against human trafficking, we must remain relentless in resolving to eradicate it in our cities, suburbs, rural communities, tribal lands, and on our transportation networks. Human trafficking in the United States takes many forms and can involve exploitation of both adults and children for labor and sex.<br><br><a href=""https://www.federalregister.gov/documents/2020/02/05/2020-02438/combating-human-trafficking-and-online-child-exploitation-in-the-united-states"">https://www.federalregister.gov/documents/2020/02/05/2020-02438/combating-human-trafficking-and-online-child-exploitation-in-the-united-states</a><br><br><br><br>Coronavirus is a Cover: The Planet is Being Cleansed:<br><a href=""https://operationdisclosure1.blogspot.com/2020/03/coronavirus-is-cover-planet-is-being.html?fbclid=IwAR3D1nr59GWngi_XEFxpIAx-mM9_LnyKUpKYZ6IX7x8zenv0NFXkIJWOE18&amp;m=1"">https://operationdisclosure1.blogspot.com/2020/03/coronavirus-is-cover-planet-is-being.html?fbclid=IwAR3D1nr59GWngi_XEFxpIAx-mM9_LnyKUpKYZ6IX7x8zenv0NFXkIJWOE18&amp;m=1</a><br><br><br>Biggest Perpetuated Plannedemic Hoax, Lie, Fear Porn, LAR In Human: History Will Be Reveled<br><a href=""https://www.youtube.com/watch?v=pPwbSx7VF4w"">https://www.youtube.com/watch?v=pPwbSx7VF4w</a>","The Links that connect Banking, Human Trafficing and Covid-19:


Logic ask, what are the two things that is happening behind the scenes, via the Coronavirus?  

The Coronavirus is being pushed on every country in the World as a virus,  to close down daily operations in all cities.

Now ask yourselves what are the two things World wide in every Country that the Coronavirus would dilute the news coverage of?  

Are you ready for the two most impacting issue's that the Coronavirus is masking and distracting the public from?    

The two event's  taking place in almost every single Nation , is the disintegration of the Central Banking system and the Arresting the Child Sex Traffickers and high level Pedophiles.

Nightly infusions of 1.5 Trillion dollars, is devaluation of all World Currencies and the Public figures coming down with the Coronavirus are connected.

 This is a Planned-Demic to hide the World Banking  failures and Child Sex Traifficers Arrest taking place EVERY WHERE,  are you ready for it, because it is coming to America soon,





Bill & Linda Gates Foundation, Event 201 (Coronavirus) October 18, 2019

“This was a very different kind of exercise compared to a hospital disaster drill,” says Eric Toner, M.D., the exercise’s project director and a senior scholar with the Center for Health Security. “The goal was not to test functional capabilities, but rather to raise awareness of very complicated and difficult policy issues.” Toner, who is CEPAR’s senior adviser and subject matter expert for health security, says, “So, in other words, it is more of an educational tool than a test.”

Event 201 simulated a global outbreak of coronavirus transmitted from bats to pigs to people, which led to a pandemic of coronavirus associated pulmonary syndrome (CAPS). CAPS is a viral illness that can cause a range of health concerns from mild flu-like symptoms to pneumonia and even hospitalization or death.

In the exercise, a mock emergency board was convened to respond to the CAPS pandemic and provide recommendations to deal with issues that develop as a result of the outbreak. The mock board was composed of representatives from various organizations, including the U.S. and China Centers for Disease Control and Prevention, United Nations Foundation, as well as professionals from the airline, hotel and media industries.



https://www.hopkins-cepar.org/on-alert/two-different-drills-with-two-different-goals





Combating Human Trafficking and Online Child Exploitation in the United States
By the authority vested in me as President by the Constitution and the laws of the United States of America, including the Trafficking Victims Protection Act, 22 U.S.C. 7101 et seq., it is hereby ordered as follows:

Section 1. Policy. Human trafficking is a form of modern slavery. Throughout the United States and around the world, human trafficking tears apart communities, fuels criminal activity, and threatens the national security of the United States. It is estimated that millions of individuals are trafficked around the world each year—including into and within the United States. As the United States continues to lead the global fight against human trafficking, we must remain relentless in resolving to eradicate it in our cities, suburbs, rural communities, tribal lands, and on our transportation networks. Human trafficking in the United States takes many forms and can involve exploitation of both adults and children for labor and sex.

https://www.federalregister.gov/documents/2020/02/05/2020-02438/combating-human-trafficking-and-online-child-exploitation-in-the-united-states



Coronavirus is a Cover: The Planet is Being Cleansed:
https://operationdisclosure1.blogspot.com/2020/03/coronavirus-is-cover-planet-is-being.html?fbclid=IwAR3D1nr59GWngi_XEFxpIAx-mM9_LnyKUpKYZ6IX7x8zenv0NFXkIJWOE18&m=1


Biggest Perpetuated Plannedemic Hoax, Lie, Fear Porn, LAR In Human: History Will Be Reveled
https://www.youtube.com/watch?v=pPwbSx7VF4w","Steven Osborne","https://yt3.ggpht.com/ytc/AKedOLTPuD9qMZJVBhesP2j8uwVOxTS2Uox69aAnxOAwWQ=s48-c-k-c0x00ffffff-no-rj","http://www.youtube.com/channel/UCL563B_eSZKAyXSjFJuGPOQ","UCL563B_eSZKAyXSjFJuGPOQ","TRUE","none","0","2020-03-16T20:25:11Z","2020-03-16T20:25:11Z"
"93","D9s0Io2geNE","Who in the comments have the virus?","Who in the comments have the virus?","the joker 07","https://yt3.ggpht.com/aM-4gkXkhiQXNuaRuZDd7k0WnCOciZp2Ry04KaOyxqhEuMJ4ifWDUCKpKoO2CsH87s1xezqNjQ=s48-c-k-c0x00ffffff-no-rj","http://www.youtube.com/channel/UCSkN_9XkuFOqR5MNzW0sm7Q","UCSkN_9XkuFOqR5MNzW0sm7Q","TRUE","none","0","2020-03-16T19:40:40Z","2020-03-16T19:40:40Z"
"94","D9s0Io2geNE","How did we get such a moron for a president?","How did we get such a moron for a president?","Ogre Has Layers","https://yt3.ggpht.com/ytc/AKedOLTHBcD39X9GoVjOuWODTo_AJLP_QoQGqyueeIcVtg=s48-c-k-c0x00ffffff-no-rj","http://www.youtube.com/channel/UCEt8xbV5B2rVEhIZU1PpHew","UCEt8xbV5B2rVEhIZU1PpHew","TRUE","none","1","2020-03-16T19:10:38Z","2020-03-16T19:10:38Z"
"95","D9s0Io2geNE","But I thought it was all a hoax!","But I thought it was all a hoax!","Bahama Mama","https://yt3.ggpht.com/ytc/AKedOLSbRhJf-xwrL1asebzrrhgv3x8TPwEpVMYANEfk=s48-c-k-c0x00ffffff-no-rj","http://www.youtube.com/channel/UCG92mrgrydyA9HZyQneDmVw","UCG92mrgrydyA9HZyQneDmVw","TRUE","none","0","2020-03-16T18:07:34Z","2020-03-16T18:07:34Z"
"96","D9s0Io2geNE","Will even a Plague  not stop  Hate and we wonder why","Will even a Plague  not stop  Hate and we wonder why","Roman's 10 9-10","https://yt3.ggpht.com/ytc/AKedOLTRT4_lkWdJnMg1cfw15WK6UpMstaI-nTC88lvyBQ=s48-c-k-c0x00ffffff-no-rj","http://www.youtube.com/channel/UC-OezDHu-q5Aw75CUKX0Nbg","UC-OezDHu-q5Aw75CUKX0Nbg","TRUE","none","0","2020-03-16T11:53:53Z","2020-03-16T11:53:53Z"
"97","D9s0Io2geNE","NO MAN can stop  this Trusting  GOD  and  JESUS  CHRIST through  this....All.Pray,Repent Read the Bible....","NO MAN can stop  this Trusting  GOD  and  JESUS  CHRIST through  this....All.Pray,Repent Read the Bible....","Roman's 10 9-10","https://yt3.ggpht.com/ytc/AKedOLTRT4_lkWdJnMg1cfw15WK6UpMstaI-nTC88lvyBQ=s48-c-k-c0x00ffffff-no-rj","http://www.youtube.com/channel/UC-OezDHu-q5Aw75CUKX0Nbg","UC-OezDHu-q5Aw75CUKX0Nbg","TRUE","none","0","2020-03-16T11:52:15Z","2020-03-16T11:52:15Z"
"98","D9s0Io2geNE","<U+5DDD><U+666E><U+7E3D><U+7D71><U+52A0><U+6CB9><U+52A0><U+6CB9> <U+70BA><U+81EA><U+7531><U+6C11><U+4E3B><U+52A0><U+6CB9> <U+70BA><U+7F8E><U+570B><U+5F37><U+5927><U+52A0><U+6CB9>","<U+5DDD><U+666E><U+7E3D><U+7D71><U+52A0><U+6CB9><U+52A0><U+6CB9> <U+70BA><U+81EA><U+7531><U+6C11><U+4E3B><U+52A0><U+6CB9> <U+70BA><U+7F8E><U+570B><U+5F37><U+5927><U+52A0><U+6CB9>","Chi Yin","https://yt3.ggpht.com/ytc/AKedOLSEKsly1H7OYAduXvvwEQPlBu9QPS2AmrAnE4zTAQ=s48-c-k-c0x00ffffff-no-rj","http://www.youtube.com/channel/UCOny1eTdbp_oZqDu-rBW8lA","UCOny1eTdbp_oZqDu-rBW8lA","TRUE","none","0","2020-03-16T09:57:27Z","2020-03-16T09:57:27Z"
"99","D9s0Io2geNE","&quot;Two very big words&quot; lmaooo, he always cracks me up.","""Two very big words"" lmaooo, he always cracks me up.","Makaio Kalahama","https://yt3.ggpht.com/ytc/AKedOLRRpG4-_CNl4GKOIYoXCkJXgJtZ5sFPR-XUhE4Zag=s48-c-k-c0x00ffffff-no-rj","http://www.youtube.com/channel/UC7L0QILbH3KHAnS8ktBsgKA","UC7L0QILbH3KHAnS8ktBsgKA","TRUE","none","5","2020-03-16T03:57:34Z","2020-03-16T03:57:34Z"
"100","D9s0Io2geNE","Release a Universal Basic Income so when stuff like this happens the economy won&#39;t collapse. Duh. Also this disease is from a biological weapons lab. Was being developed for WMD&#39;s but something went wrong and it got released<br><br>The Pres and white house joint Chief&#39;s have already had meetings and scheduled martial law soon. By next month troops will be in certain cities implementing curfews and travel restrictions. Basically it&#39;s the movie OUTBREAK come to life.","Release a Universal Basic Income so when stuff like this happens the economy won't collapse. Duh. Also this disease is from a biological weapons lab. Was being developed for WMD's but something went wrong and it got released

The Pres and white house joint Chief's have already had meetings and scheduled martial law soon. By next month troops will be in certain cities implementing curfews and travel restrictions. Basically it's the movie OUTBREAK come to life.","Anon Anon","https://yt3.ggpht.com/ytc/AKedOLR_tCQU3Y-3UupjxjPPYGARKOxTRHWL6tgRiQ=s48-c-k-c0x00ffffff-no-rj","http://www.youtube.com/channel/UC6LAPDLRCRc7ClhqXUAgamQ","UC6LAPDLRCRc7ClhqXUAgamQ","TRUE","none","0","2020-03-16T00:35:44Z","2020-03-16T00:41:15Z"
